charactor,text
サーバル,ふああ…。
かばん,はあ…はあ…うう…はあ…はあ…うう…。
サーバル,
かばん,あっ？
サーバル,うあー！ えひひひ！ いひひひ！ あははは！ うう！ いひひひ！ うひひ！ ああ！ うあ！ おーお！
かばん,うあーあ！ うわー！
サーバル,わーい！
かばん,どこここ？ なんでー？
サーバル,狩りごっこだねー？ 負けないんだからー！
サーバル,みゃー！ みゃー！
かばん,うう！
サーバル,みゃー！
かばん,う〜〜！
サーバル,あれ…？ 隠れちゃった…。
かばん,はあ…。
サーバル,あっ！ そこだー！ 
かばん,うっ…うう…た、食べないでくださーい！
サーバル,食べないよ！
かばん,うっ…うう…。
サーバル,ごめんね、あたし、狩りごっこが大好きで…あなた、狩りごっこあんまり好きじゃないけものなんだね。
サーバル,ええっと、その…。
かばん,うう…あっ、ああ…。
サーバル,あっ！ ちょっと元気になった？
かばん,いえ、はい…大丈夫です。 あなたは、ここの人ですか？ ここ…どこなんでしょうか…？
サーバル,ここはジャパリパークだよ。 わたしはサーバル。 この辺はわたしの縄張りなの。
かばん,サーバル…さん。 じゃあ、その、お耳と尻尾は？
サーバル,どうして？ 何か、珍しい？ あなたこそ、しっぽと耳のないフレンズ？ 珍しいね。
かばん,フレンズ…？
サーバル,どこから来たの？ 縄張りは？
かばん,ああ、わかりません…憶えてないんです。 気付いたらここにいて…。
サーバル,ああっ、昨日のサンドスターで生まれた子かなあ？
かばん,サンド…スター…？
サーバル,そう！ 昨日あの山から吹き出したんだよ。 まだ周りがキラキラしてるでしょう！
サーバル,そして…なんのフレンズか調べるには…鳥の子なら、ここに羽！
サーバル,あ…ない…。
サーバル,フードがあれば、蛇の子！
サーバル,でもない…あーれー？
サーバル,あれ？ これは？
かばん,えっ…かばん…かなあ？
サーバル,かばん…かばん！ かばん！ かばん！
かばん,ヒントに、なります？
サーバル,わかんないや。 これは図書館にいかないとわかんないかも。
かばん,図書館…？
サーバル,そう。 わかんない時は、図書館で教えてもらうんだ。
かばん,そこで、ぼくが、なんの動物か…ありがとうございます、サーバルさん。
かばん,図書館って、どっちに行ったらいいですか？
サーバル,途中まで案内するよ。 いこういこう！
かばん,ああ、すみません。 よろしくお願いします。
サーバル,あれ？ それまで、なんて呼べばいいのかなあ…。
サーバル,かばんちゃんで！ どう？
かばん,はい！ ありがとうございます。
サーバル,ガーイド！ ガーイド！ サバンナガーイドー！
かばん,
サーバル,広くて見晴らしいいでしょー！ さばんなちほーって言うんだよ！
かばん,ここは、サーバルさんひとりの縄張りなんですか？
サーバル,まさか！ 他にもいっぱいいるよ。
サーバル,例えばね…あっ！ …あそこにシマウマちゃんがいるね。
かばん,えっ…えー…見つからないです…。
サーバル,あっ、隠れちゃった…。
サーバル,あとはねえ、その横に、トムソンガゼルちゃんがいるよ。
かばん,あっ！ わかります！
サーバル,他にもいっぱいいるよ！ さばんなちほーは広いから、たくさんフレンズがいるんだ！
サーバル,図書館はじゃんぐるちほーの先だから、サバンナの出口まで案内するよ。
かばん,出口って、けっこう遠いんですか？
サーバル,すぐ近くだよ！ さ、いこういこう！
かばん,あ、ええ…？
サーバル,えい、えい、えい！
かばん,うええ…。
サーバル,早く早くー！
かばん,うう、うう…。
サーバル,ゆっくりな動き…あなたもしかして、ナマケモノのフレンズとか？
かばん,ええっ？ ナマケモノ？
かばん,わぁ！？ わ〜〜！ 
サーバル,大丈夫…？
かばん,すみません…。
サーバル,やっ、えい、えい！
かばん,うう…。
かばん,…うわあっ！ 
かばん,うう…。 ごめんなさい…。
サーバル,平気平気。 フレンズによって得意なこと違うから。
かばん,あっ…はあ…はあ…。 はあ、はあ…。
かばん,あ…。 フレンズさん…ですか？
サーバル,あっ！ ダメ！ それはセルリアンだよ！ 逃げて！
かばん,うわあ…！ うっ。
サーバル,みゃみゃみゃみゃみゃみゃみゃみゃみゃー！ えーい！
かばん,わあ…うわあ…。
サーバル,あれはセルリアンっていうんだ。 ちょっと危ないから、気をつけてね。
サーバル,でも、あれくらいのサイズなら、自慢の爪で、やっつけちゃうよ。
かばん,すごいですねサーバルさん！ ぼくには、そんな力…普通に案内してもらうだけで、こんな感じだし…。
かばん,ぼくって、相当ダメな動物だったんですね。
サーバル,大丈夫だよ。 わたしだって、みんなからよく、ドジー！ とか、ぜんぜん弱いー！ とか、言われるもん。
サーバル,それに、かばんちゃんはすっごい頑張り屋だから、きっとすぐ、何が得意かわかるよ。
サーバル,ここでちょっと休憩！
サーバル,太陽が一番暑い時間は、下手に動いちゃダメだからねー。
サーバル,あとで水も飲もうね。 こっちもお勧めの場所があるんだ。
サーバル,あーあ。 鳥のフレンズだったら、ひょいっと飛んでいけるのになー。
かばん,フレンズさんって、いろいろいるんですか？
サーバル,いるよ！ わたしよりも強くて怖くて、おっきいネコ科の子も、たっくさん。
かばん,か、噛まれたりとか…しますか？
サーバル,そんなこと…たまーに機嫌が悪い時だけだよ。
かばん,そ、そうなんだ…。
サーバル,あっ、でも、さっきのセルリアンには注意だよ。 ほんとはこの辺には、あんまりいないはずなんだけど…。
かばん,さっきのサーバルさんの爪、すごかったです。
サーバル,フレンズの技だよ！ また出てきたら、わたしに任せて。
かばん,すみません…。
サーバル,
サーバル,あれっ、かばんちゃん、はあはあしないんだね。 それにもう、元気になってる。
かばん,えっ？
サーバル,すごいよ、けっこう歩いたのに。
かばん,そ、そうかな。
サーバル,わたし、あなたの強いところ、だんだんわかってきたよ。
サーバル,きっと素敵な動物だよ。 楽しみだね！
かばん,すごい木…！
サーバル,大きいでしょう！ サバンナにはところどころに木があるんだよ。
サーバル,あっ、そうだ！ 木登りができると、逃げたり隠れる時に便利だよ。 ちょっと、やってみない？
かばん,ええっ？
サーバル,みゃーみゃみゃみゃみゃみゃみゃみゃみゃみゃみゃみゃー！
サーバル,ねっ、簡単でしょう？
かばん,無理ですよぉー！
サーバル,これだったらどうかなあ？
かばん,
サーバル,よい…しょっと！ 
かばん,うわっ！
サーバル,いいでしょ！ 木登り！
かばん,うわー…！ ああ…！
サーバル,水場はあそこだね！ いこうか！
かばん,うわっ！ 
サーバル,
かばん,うわあー！ 水だあー！
サーバル,うわあー！ 水だあー！
かばん,おいしー！
サーバル,おいしー！
サーバル,けっこう歩いたね。
かばん,ああ…。
サーバル,あっ、あそこ！ 休憩した木陰だね。
かばん,ほんとだ。
サーバル,景色を見ながら水飲むと、生き返るよね。 元気元気！
かばん,サーバルさん、ずっと元気でしたよ。
サーバル,にしても、今日は空いてるなー。 いつも場所取りになるぐらいの場所なのに。 こわーい誰かでも来たのかな。
かばん,えっ？
カバ,だーれー？
かばん,うわあ！ た、食べな…。
カバ,失礼、水浴びをしてましたの。
サーバル,あ、カバ。
カバ,珍しいわねサーバル、この辺まで遊びに来るなんて。
サーバル,今日はゲートまでいくんだ。 お水を飲んでいこうと思って。
サーバル,今日はフレンズが少ないね。
カバ,今日はセルリアンが多いから、みんなあんまり出歩かないのですわ。
カバ,ゲートにも、ちょっと大きいのがいるそうよ。 気を付けるんですのよ。
サーバル,じゃあ、わたしがやっつけちゃうよ！
カバ,サーバルがですの！？ 心配ですわ…。
サーバル,大丈夫だよ。 さっきもやっつけたもん。
カバ,どうせ小さいやつですわ。
サーバル,な、なんでわかったの！？
カバ,ところで、その子はどちら様？
サーバル,かばんちゃんだよ。
カバ,かばん…？
かばん,
カバ,聞いたことない動物ですわね。
サーバル,名前はさっき付けたの。 なんの動物かわかんないんだって。 それで、図書館に行ったらいいんじゃないかなーって。
サーバル,この子がなんの動物か、わかったりしない？
カバ,うーん…。 あなた、泳げまして？
かばん,いえ…。
カバ,空は、飛べるんですの？
かばん,いえ…。
カバ,じゃあ、足が速いとか？
かばん,いえ…。
カバ,あなた何にもできないのね…。
かばん,ううっ…。
サーバル,そ、そんなことないよ！
カバ,うふっ、まあサーバルみたく、足も速いし鼻も耳もいいのに、おっちょこちょいでぜーんぶ台無しになってる子もいることですし。 気にすることないですわ。
サーバル,ひどいよ…。
カバ,わたしも泳げませんしね。
サーバル,えっ？ そうだったの？
カバ,ただ。 ジャパリパークの掟は、自分の力で生きること。 自分の身は、自分で守るんですのよ。
カバ,サーバル任せじゃダメよ。
かばん,あ、はい！
サーバル,じゃあ、わたし達いくね。
カバ,あっ、セルリアンと会ったら、基本逃げるんですのよ。 どうしても戦う時は、ちゃんと石を狙いなさいね。
サーバル,うん！
カバ,あと、暑さに気を付けるんですのよ。 特にサーバル、あなたほとんど汗かかないんだから、今のうちに水もたくさん飲んで…。
サーバル,はーい。
カバ,それから、上り坂下り坂は、足をくじかないように気をつけて…。
サーバル,大丈夫だよ！
サーバル,もうちょっとでゲートだよ。 ここの平たいのが目印なんだ。
かばん,サーバルさん、本当に詳しいですね。
サーバル,えっへん！ あっ、もうさばんなちほーの出口が見えてくるよ。
かばん,ああ、ほんとですか？
かばん,？
サーバル,わっ、なにこれ？ ちほーの場所がわかるの？
サーバル,今、さばんなちほーで、隣がじゃんぐるちほーだから、今、ここか。
サーバル,いいなあ、これ。 どこにあったの？
かばん,ここにありましたよ。
サーバル,ええっ。 全然知らなかった。 どうやって出したの？
サーバル,あっ！？
かばん,どうしました？ サーバルさん…？
かばん,あれもセルリアンですか…？
サーバル,さっきのあの声、誰か食べられちゃってるかもしれない。
かばん,た、食べられ…？
サーバル,助けなきゃ。
サーバル,ええっ？ 石がないよ？ どこ？
サーバル,えーっ！？ 石がないよ！ なんでー？
かばん,サーバルさん！ セルリアンの後ろに！
サーバル,えっ、ほんとだ。 背中にある…。
サーバル,うっ、ほら、ほ、ほら！
サーバル,めちゃくちゃ見てるよー。 向こう向いてよー。
サーバル,ううっ、どうしよう…。 こんなの初めて見るよ…。
かばん,今のうちに、サーバルさん！
サーバル,あっ。 みゃ〜〜！
かばん,あっ？
カバ,わたしに大口勝負を挑むなんて、いい度胸してますわね！
サーバル,えーい！
カバ,サーバルは詰めが甘いわね…。 助けるのは今回だけよ。
カバ,変わった子ね。 でも、サーバルを助けようとしたのね。
かばん,サーバルさん！ はあ、よかった。
かばん,…？
サーバル,……すっごーい！ なにあれ！？
かばん,えっ…？
サーバル,すっごーい！ さっきの、なあにあれ？ ひゅーんて空を飛ぶやつ。 あれなに？ どうやったの？
かばん,か、紙飛行機のこと？ 作ったんだけど…。
サーバル,作った〜〜！？
サーバル,じゃあ、気を付けてね。 じゃんぐるちほーでも、図書館にいきたいって話せば、フレンズの子が次のちほーまで案内してくれるはずだから。
かばん,ありがとうございました…ほんとに…サーバルさんがいなかったら、ぼく…。
サーバル,かばんちゃんはこんなにすっごい技を持ってるんだもん。 何があっても大丈夫だよ。
サーバル,なんの動物かわかったら、また、さばんなちほーにも寄ってね。
かばん,はい…必ず…！
サーバル,そうだ！ 今度会った時は、サーバルちゃんって呼んでね。 話し方ももっと普通に。 もうお友達だから。
かばん,わかりました…ありがとうございます。 じゃあ…いきますね。
サーバル,えへへへ。
かばん,うわーっ！ た、食べないでください！
サーバル,食べないよ！
かばん,はー…。
かばん,サーバルさん…どうして…？
サーバル,やっぱり、気になるからもうちょっと付いていこうかなって。
かばん,サーバルさん…。
サーバル,ほら、約束でしょ。 次会った時だから、サーバルちゃんって呼んで。 話し方も。
かばん,さっき別れたばっかりじゃない。
サーバル,ちゃんと一回別れたからいいの。
かばん,そうかなあ。 えへへ。
サーバル,ほら、いこういこう！
サーバル,ね、明日どこ通っていこうか？
サーバル,じゃんぐるちほーって、大きい川があるらしいよ。 楽しみだなー。
かばん,サーバルちゃん、元気だね。 ぼく、今日いろいろあったから、そろそろ…。
サーバル,わたし、夜行性だからね。 あと、じゃんぐるちほーもフレンズがたくさんいるんだって。 おもしろいことがいっぱいありそうだね。
かばん,あっ、サーバルちゃん、危ないよ。
サーバル,大丈夫！ 夜行性だから！
サーバル,ぎゃー！ 
サーバル,びっくりした…。
かばん,気を付けようね…。
かばん,あっ？
かばん,サーバルちゃん、後ろ！
サーバル,ボス！？
かばん,えっ？
サーバル,大丈夫、知り合いだよ。
サーバル,ボス、この子、なんの動物かわからないんだって。 住んでるところまで、一緒に案内…。
ラッキービースト,はじめまして。 ぼくは、ラッキービーストだよ。 よろしくね。
かばん,あっ…どうも…はじめまして。 かばんです…。
かばん,どうしたの？ サーバルちゃん？
サーバル,うぅわ〜〜！ 喋った〜〜！？
原作,けものフレンズプロジェクト
コンセプトデザイン,吉崎観音
企画,廣部琢之、加藤英治、山田昇、柳田一哉、ビンセント・ショーティノ、柴野達夫、池本浩史、梶井斉、寺井禎浩、濱田直樹、長畑克也、武智恒雄
特別協力,竹林昇、宮原亜希子
シリーズ構成・脚本,田辺茂範
作画監督,伊佐佳久
美術監督,白水優子
撮影監督,石山智之
音響監督,阿部信行
音楽プロデューサー,内田峻
音楽制作,ビクターエンタテインメント
音楽協力,テレビ東京ミュージック
アニメーション プロデューサー,福原慶匡
アニメーション制作,ヤオヨロズ
プロデューサー,細谷伸之、岡本泰幸、清水美佳、福田聡、秋尾浩史、石垣吉彦、工藤大丈、塩田友、和泉勇一、福田順
作画,伊佐佳久、原田優、加藤望、千里紗月、若葉恵、森山文子
美術,白水優子、鈴木凛、後藤律里、田中璃奈
衣装デザイン協力,雪
撮影,旭プロダクション宮城白石スタジオ、石本智之、伊藤隆洋、長谷部祐介、渋谷佳樹
編集,ヤオヨロズ
ビデオ編集,尾形茂信
編集助手,小林准
編集スタジオ,ビデオテック、海老沢かおる
音響効果,風間結花
録音調整,佐藤敦
録音助手,竹内俊平
録音スタジオ,スタジオインスパイア
音響制作,青二プロダクション
音響制作担当,池田克明、池沢勝斗
オープニングテーマ,「ようこそジャパリパークへ」どうぶつビスケッツ×PPP、作詞・作編曲: 大石昌良
挿入歌,「大空ドリーマー」PPP、作詞・作編曲: halyosy
オープニングアニメーション,絵コンテ・演出: たつき、作画監督: 伊佐佳久、美術: 白水優子
番組宣伝,大城博章、志村麻奈貴、飯塚彩、矢崎潤、津末達也
宣伝協力,少年エース
取材協力,多摩動物公園
プランニングマネージャー,石本順也
タイトルロゴデザイン,米田龍平
制作進行,影近直樹
コンテ・演出・監督,たつき
製作,けものフレンズプロジェクトA
アライグマ,くんくん…ここを通っているようなのだ。 早く捕まえないと…。
フェネック,まあまあ、気軽にいこうよ。 道のりは長いよ。
アライグマ,ダメなのだ！ これ以上逃げられたら、逃げられたら、パークの危機なのだ！
フェネック,パークの危機ねー。 アライさんに付き合うよ。
アライグマ,一刻も早く、捕獲するのだ。
フェネック,はいよー。
プリンセス,今週は、ジャガーについて予習するわよ。
プリンセス,雨の神って、どういうことかしら？
フルル,雨乞いするの？
コウテイ,雨乞いするの？
ジェーン,雨乞いするの？
イワビー,ロイヤルやってみてよ。
プリンセス,あ…あーめーよーふーれー…。
イワビー,あー…これはひどい…。
フルル,あー…これはひどい…。
コウテイ,あー…これはひどい…。
ジェーン,あー…これはひどい…。
プリンセス,次回、じゃんぐるちほー。
サーバル,うわぁ！ ボス！？
ラッキービースト,よろしくね。
かばん,あっ。 どうも、よろしくお願いします。
サーバル,しゃべったー！？
かばん,えっ？ 普段そんなに喋らないの？
サーバル,初めて声聞いたよ。 なんで？ えっ、ボスって喋れたの？
ラッキービースト,きみの名前を教えて。 きみは何が見たい？
かばん,か、かばんって言います。 図書館が見たいんですけど…。
ラッキービースト,わかった。 図書館までのルートを検索するよ。 その前に、ジャパリパークについて話すね。
ラッキービースト,ジャパリパークは、気候を元にして、いくつかのちほーに分かれているよ。
ラッキービースト,それぞれに動物、植物が展示されているんだ。
ラッキービースト,まず大きく5つの気候帯に分離…。
ラッキービースト,…フレンズと呼ばれる生き物達で、彼女らは動物やその遺物と…。
ラッキービースト,あ。 
ラッキービースト,
ミライ,えー、おほん。 テストテスト。
サーバル,あれ？
ミライ,えー、テステス。 聞こえますか？ こちらさばんなちほーです。
かばん,… 
ラッキービースト,
かばん,
サーバル,寝ちゃったね。 かばんちゃん、今日はいろんなことがあったからなー。 疲れちゃったんだね。
サーバル,でもびっくりしたよ、ボスが喋れたなんて。
サーバル,初めて聞いたけど、不思議な声してるんだね。
ラッキービースト,
サーバル,みんなボスとお話したいと思うよ。 なんで今まで喋らなかったの？
ラッキービースト,
サーバル,ねえなんか言ってよ！ 
ラッキービースト,
原作,けものフレンズプロジェクト
コンセプトデザイン,吉崎観音
企画,廣部琢之、加藤英治、山田昇、柳田一哉、ビンセント・ショーティノ、柴野達夫、池本浩史、梶井斉、寺井禎浩、濱田直樹、長畑克也、武智恒雄
特別協力,竹林昇、宮原亜希子
シリーズ構成,田辺茂範
作画監督,伊佐佳久
美術監督,白水優子
撮影監督,石山智之
音響監督,阿部信行
オープニングテーマ,「ようこそジャパリパークへ」どうぶつビスケッツ×PPP、作詞・作編曲: 大石昌良
アニメーション プロデューサー,福原慶匡
アニメーション制作,ヤオヨロズ
プロデューサー,細谷伸之、岡本泰幸、清水美佳、福田聡、秋尾浩史、石垣吉彦、工藤大丈、塩田友、和泉勇一、福田順
監督,たつき
製作,けものフレンズプロジェクトA
かばん,ん…ここ、どこ…？
かばん,うわああ食べないでくださーい！
サーバル,もー食べないって！
サーバル,あはは、おはよう。
かばん,ご、ごめん、サーバルちゃん。 おはよう…。
サーバル,昨日途中で寝ちゃったんだよ。
かばん,ええっ、そうかあ。 昨日…。
ラッキービースト,おはよう、かばん。 じゃあ出発しよう。
サーバル,うわぁ！ また喋った！
ラッキービースト,じゃあ、確認するよ。 目的地はジャパリ図書館だね。
かばん,はい。 ぼくがなんの動物なのか、調べたいんです。
サーバル,わたしは付き添い。
ラッキービースト,わかった。 じゃあ図書館までのルートを検索するね。
かばん,お〜〜！
サーバル,お〜〜！
ラッキービースト,ジャパリ図書館は、しんりんちほーにあるよ。 途中3つのちほーを通るね。 ただ、とっても距離があるから、歩いていくのはお勧めできないよ。 ジャパリバスに乗って移動しよう。 ここから一番近いのは、アンイン橋のそばだね。
かばん,バス？
サーバル,バスってなにー？
ラッキービースト,バスは、乗り物の一種だよ。 ジャパリバスなら、広いパークを周るのも楽ちんさ。
かばん,へー…。
サーバル,へー…。
ラッキービースト,バスの近くまでは、ジャングルを歩く見学ルートがおすすめだよ。 それでいいかな。
かばん,はい！
サーバル,うん！
ラッキービースト,それじゃあ、ガイドを開始するよ。 案内時間は、2時間ほどだよ。
かばん,おー！
サーバル,おー！
かばん,サバンナとは、だいぶ違うんですね。
ラッキービースト,じゃんぐるちほーは、熱帯雨林気候になってるよ。 動物の数も、とっても多いんだ。
サーバル,いろんな音が聞こえるよ。 今日もフレンズと会えるかもしれないね。
サーバル,おおっ？ おっ！ 見ーっけ！
サーバル,あそこ！ ほら！ 木の上！
かばん,サーバルちゃんと似てるね。
ラッキービースト,あれはオセロットだね。 サーバルキャットと同じ、ネコ科なんだ。 夜行性だから、日中は、木の上や、茂みで休むんだって。 木登りも上手なんだね。
かばん,はあ…。
サーバル,いいなあー。 わたしもお昼寝したいなー。
ラッキービースト,あっちにも、何かいるね。
ラッキービースト,マレーバクだね。 白黒の模様が特徴的だよ。
ラッキービースト,夜は白いところが目立って、輪郭が曖昧になるから、見つかりにくくなるんだって。
サーバル,不思議な模様だね。
かばん,いろんなフレンズがいるんだね…。
かばん,あっ！
サーバル,あっ！
フォッサ,ん？ 見かけない顔。 あ、きみはもしかして、サーバルキャットのサーバル？
サーバル,わたしのこと、知ってるの？
フォッサ,うふふ。 だって、有名だもん。 あれでしょ、さばんなちほーのトラブルメーカー。
サーバル,にゃー！ そんなことないよ！
フォッサ,わたしはフォッサ。 このあたりに暮らしているけど、さばんなちほーもたまにいくよ。
かばん,わぁ…。
フォッサ,えへへ、大きいしっぽだろ？ この子は？
サーバル,かばんちゃんだよ。 なんの動物かわかんないから、図書館にいくんだ。
フォッサ,へーえ、遠くまで大変だねー。
フォッサ,気を付けていきなよー。
サーバル,ありがとー。
かばん,ありがとうございます。
サーバル,強そうな子だったね。
かばん,大きい方でしたね。 あのしっぽが…。 
サーバル,わっ！
インドゾウ,ごめんなさい。 踊ってたらぶつかっちゃったわ。
かばん,こ、こちらこそ…すみません。
インドゾウ,ここ、木漏れ日がきれいでしょ。 踊ってると、とってもいい気分なの。
サーバル,大きいねー。
ラッキービースト,インドゾウは、アジアゾウの亜種だよ。 アフリカゾウと並んで、陸上最大の動物だね。
インドゾウ,じゃーねー。
サーバル,まったねー。
かばん,どうもー。
かばん,わー、更に大きいフレンズさんだったね。
サーバル,それに派手だったね。
サーバル,あっ、また誰か…。 あっ、なにやってるの？
アクシスジカ,ここの土、舐めると体にいいんだって。 塩？ がどうのこうのらしいよ。 お前らもどう？
サーバル,えー？ ほんとにー？
かばん,あ…今日は、遠慮しときます。
キングコブラ,キングコブラだ。 なんだ？ なんか頼みごとか？
ミナミコアリクイ,な、なんだよー！ あっち行ってよー！
クジャク,クジャクです。
タスマニアデビル,タスマニアデビルだぞー？
エリマキトカゲ,わあー！ びっくりしたあ。
オカピ,オカピだぞー！
サーバル,ここはほんとにたくさんの子がいるねー。
かばん,ほんとだね。
サーバル,それにしても、サバンナとはちょっと違った暑さだね。
かばん,確かに…。
ラッキービースト,じゃんぐるちほーは、植物も熱帯雨林のもので構成されてるんだ。 樹木が層になっているのが特徴だよ。 蔓植物のように、他の木を利用する植物が多いのも特徴だね。
かばん,うう…。
かばん,鬱蒼としてきたね…。
サーバル,うわー！
かばん,うわー！ サーバルちゃん！ 
サーバル,うー、ありがとー。 かばんちゃん器用だね。
かばん,えへへ…。
ラッキービースト,
かばん,ラッキーさん！
サーバル,ボス！
サーバル,ねえボス、こっちで合ってるの？
かばん,道が、どんどんなくなっていくね。
ラッキービースト,任せて。 ぼくの頭には、パークの全地形が入ってるんだ。 この茂みを越えれば、あとは楽な道だよ。
サーバル,よーし、いこー！
かばん,うわー！
サーバル,えっ？
かばん,これって…。
ラッキービースト,ま、ままま、ま…ま、せ、ま、
かばん,ラッキーさん！
サーバル,ボス！
ラッキービースト,ませ…て…
サーバル,どういうことなの？ ねえ道は！？
ラッキービースト,ま、ま、ままま…か…。
サーバル,えー…？ どうしたらいいんだろう？
コツメカワウソ,ふうーとうちゃーく！ わーい！ ふふふ、たーのしー！ ふひひ、ふふー！
コツメカワウソ,もういっかーい！
コツメカワウソ,わーい！ あはは、たーのしー！
サーバル,おーい！
コツメカワウソ,おお？
コツメカワウソ,わたし、コツメカワウソ。 今日はいい滑り日和だねー！ きみ達も遊びに来たの？
サーバル,ううん、歩いてきたんだけど、ここで道がなくなってて…。 カワウソ、なにか知らない？
コツメカワウソ,ここ通る子なんて見たことないなー。 けっこう前から、わたしの遊び場だよー！ さーて、もう一滑りしちゃおーっと！
サーバル,あ！ 待って待ってー！
かばん,あの、アンイン橋にいきたいんですけど。 何かご存じないですかー？
コツメカワウソ,おっ？ それならジャガーちゃんがここ通るから、乗せてってもらえば？
かばん,えっ、乗る？
サーバル,えっ、乗る？
コツメカワウソ,あれもさいっこーに楽しいんだよー。 わたしなんて自分で泳げるのに、つい乗っちゃうもんねー！
サーバル,そのジャガーって、いつごろ通るの？
コツメカワウソ,さあねえ、1日2回ぐらいかなあ。 ひなたぼっこでもしながら待つといいよ。
コツメカワウソ,よっ、はっ。 よっ。
サーバル,なにそれ、楽しそう！ わたしもやる！
コツメカワウソ,楽しいでしょ？ ねえ楽しいでしょー？ こんなこともできるよ。
かばん,わあ、器用ですね！
サーバル,みゃんみゃんみゃ、みゃんみゃんみゃ…。みゃ、みゃ…。
コツメカワウソ,そこは、こうだよ、こう。
コツメカワウソ,そう、その調子その調子ー。
コツメカワウソ,わー！
かばん,わー！
サーバル,わー！
サーバル,待って待ってー！
コツメカワウソ,乗せてー！
サーバル,わあー、こんなの初めて。
かばん,すごいですねえー。
ジャガー,アンイン橋までいけばいいんだね？
サーバル,ありがとう助かったよ。 道がなくなって、困ってたんだ。
ジャガー,この辺り、川の形ごと変わっちゃうからね。
かばん,すみません。 大変じゃないですか？
ジャガー,えへ、平気平気。 まっかせて。
ラッキービースト,ジャガーはネコ科では珍しく、泳げるんだ。
ジャガー,へん、そうよ！
ジャガー,…あれ、ボスって喋れたっけ…？
かばん,それで、このお仕事を？
ジャガー,そう、渡れなくて困ってる子が多かったからね。
ジャガー,それにここから見る景色、おもしろいだろ？
ジャガー,さあ、大きい川に出るよ！
サーバル,うわあ、おっきい！ おっきい川！
かばん,ほんと、広いねー！
コツメカワウソ,あそこが、アンイン橋だよ。
ジャガー,せーのっと。
ラッキービースト,こっち、こっち。 すぐそこだよ。
コツメカワウソ,やったー！ うおー！
ジャガー,これが、バスか？
コツメカワウソ,きゃっはははは、おもしろいおもしろーい！ ははは！
かばん,わあ…。 大きいんですね。
サーバル,ねえボス、触っていい？ 触っていいよね？
コツメカワウソ,わたし、上に乗りたーい！ ねえ、乗っていい？
サーバル,わあい、バスバス！
ジャガー,お、不思議な感触。
コツメカワウソ,やっほー、バスに乗っちゃったー。
サーバル,くんくん…。
ラッキービースト,運転席がないよ。
かばん,えっ？ 運転席…？
ラッキービースト,運転席、検索中、検索中。
ラッキービースト,本当は、ここにも車体があるはずなんだ。
ラッキービースト,運転席、検索中、検索中。
サーバル,ねえ、それがないと、バスじゃないの？
ジャガー,あ、これと似たの、向こう岸で見たことあるけど…。
ジャガー,もしかして？
ラッキービースト,やった！ これだよ！ これだよ！
ジャガー,あー、よかった。
サーバル,あはは、面白い形。
コツメカワウソ,なるほどねー、こんなのなんかー。
サーバル,これがさっきのにひっつくんだね。
かばん,でも、これ、どうやって向こう岸まで運ぼう？
ジャガー,うん、えっ？
かばん,じーっ。
サーバル,じーっ。
ジャガー,ええーっ！？
ジャガー,だはっ、ダメだダメだ。 やっぱ重すぎー。
コツメカワウソ,サーバルって、ジャンプ力あるんでしょ？ 持って飛べないの？
サーバル,うみゃみゃみゃみゃみゃ！
サーバル,うぎゃー！はー！
ジャガー,あのさ、みんなで持ち上げながら泳いでみる？
コツメカワウソ,わーい！ 沈んでいくぞー！
サーバル,あれれ？ かばんちゃん？ かばんちゃんがいないよ！？
かばん,ぶくぶくぶく…。
ジャガー,これは、ちょっときびしいぞ…。
コツメカワウソ,うふふ、こんな重いもの初めて持ったよー。
かばん,すみません、ぼくの都合で…。
サーバル,大丈夫、がんばろう。 わたしもバスになるとこ見てみたいもん。
サーバル,うーん…けど、川が大きすぎるんだよ。
ジャガー,今、水も多いんだよね。
コツメカワウソ,あれれ？ ねえ、あの道ってどこに続いてるの？
ジャガー,えっとー、さばくちほーに出られるよ。 こっちはさばんなちほー。
サーバル,へー、けっこう通る子多そうだね。
ジャガー,そう、ここ渡りたい子が多くて、大変だよ。
コツメカワウソ,なら、ジャガーがいない時って、みんなどうしてたんだろう？
ジャガー,さあ、泳げる子におぶってもらったり、とか？
かばん,あっ。
かばん,あのー、ひとつ、思いつきが…。
サーバル,えっ？ なになに？
かばん,ちょっと大変かもですが。
ジャガー,いいよ。
コツメカワウソ,たのしそー！ やるやるー！
かばん,まず、ジャガーさん。 これをカワウソさんに渡してもらえますか？
ジャガー,はいはーい。
コツメカワウソ,ジャガー、はーやく早くー！
コツメカワウソ,取ったよー、かばーん。
かばん,そしたら、それを後ろに回して、またジャガーさんに渡してもらえますかー？
コツメカワウソ,はーい。 あっはははは！ おもしろーい、変なのー変なのー。
コツメカワウソ,はーい、ジャガー。
ジャガー,うん、りょうかーい。
ジャガー,はいーよ！
かばん,ありがとうございます。
ジャガー,次は、どうしたらいい？
かばん,これを引っ張ります。
コツメカワウソ,わっはー、動いてる動いてる。
かばん,カワウソさーん、輪っかになってるところを引っ掛けてもらえますかー？
コツメカワウソ,うんにんにんにんに…重いけど、おんもしろーい！
サーバル,なにこれ、なになにこれ！
ジャガー,へー、不思議だねー。
かばん,これをあと3つ、お願いできますか？
ジャガー,うん！
サーバル,うん！
かばん,じゃあ、試してみたいんですが。
サーバル,はいはーい！ わたし行ってみたーい！
サーバル,よーし、行くよー！
サーバル,ほいっ、ほいっ、ほいっ、ほいっと！
ジャガー,おおー！
コツメカワウソ,おおー！
コツメカワウソ,わはー、次わたし、わたしもやる！
ジャガー,すごいね、魔法みたい。
サーバル,そうでしょ、かばんちゃんってすっごいんだよ。
かばん,えへへ、じゃあ、本番やってみましょう。
サーバル,うーん！ ううおお…くっみんみんみみみみふうう…とーっ！
ジャガー,やったー！
かばん,やったー！
コツメカワウソ,やったー！
サーバル,ボス、これで大丈夫なんだよね。
コツメカワウソ,じゃあいくよ！ せーの！
ジャガー,おおー！
コツメカワウソ,おおー！
サーバル,おおー！
かばん,おおー！
サーバル,バスだ！
コツメカワウソ,これでバスできたの？ バスになったの？
ジャガー,いや、わからん。
コツメカワウソ,乗るの？ 乗るの？
サーバル,あ、ボス、なんか始めるの？
かばん,ラッキーさん、何するんでしょうか。
ジャガー,どうなるか、全然わからん！
ジャガー,おおー！
コツメカワウソ,おおー！
サーバル,おおー！
かばん,おおー！
サーバル,あれ…？ 静かになっちゃったよ？
かばん,ですね…？
コツメカワウソ,えっ、死んじゃった？ バス死んじゃった？
ジャガー,え…寝ただけじゃないか？
ラッキービースト,なるほど、電池がなくなってるみたい。
サーバル,え？ 電池って？
ラッキービースト,これが電池だよ。
ラッキービースト,今、空っぽみたいなんだ。
コツメカワウソ,よくわかんないけど、遊べないってことかー。
かばん,それって、増やしたりできるんですか？
ラッキービースト,あそこの山頂にある、ジャパリカフェの屋上で、充電できるよ。
かばん,ど…どうやっていくんですか…？
サーバル,うおー！
かばん,あっ？
脚本,田辺茂範
作画監督,伊佐佳久
作画,原田優、加藤望、千里紗月、若葉恵、森山文子
美術,白水優子、鈴木凛、後藤律里、田中璃奈
衣装デザイン協力,雪
撮影,旭プロダクション宮城白石スタジオ、石本智之、伊藤隆洋、長谷部祐介、渋谷佳樹
編集,ヤオヨロズ
ビデオ編集,尾形茂信
編集助手,小林准
編集スタジオ,ビデオテック、海老沢かおる
音響効果,風間結花
録音調整,佐藤敦
録音助手,竹内俊平
録音スタジオ,スタジオインスパイア
音響制作,青二プロダクション
音響制作担当,池田克明、池沢勝斗
オープニングアニメーション,絵コンテ・演出: たつき、作画監督: 伊佐佳久、美術: 白水優子
エンディングテーマ,「ぼくのフレンド」みゆはん、作詞・作曲: みゆはん、編曲: R_Men_Soul
挿入歌,「大空ドリーマー」PPP、作詞・作編曲: halyosy
番組宣伝,大城博章、志村麻奈貴、飯塚彩、矢崎潤、津末達也
宣伝協力,少年エース
取材協力,東武動物公園、天王寺動物園
プランニングマネージャー,石本順也
タイトルロゴデザイン,米田龍平
制作進行,影近直樹
コンテ・演出,たつき
製作,けものフレンズプロジェクトA
イワビー,今週は、アルパカを紹介するぜ。
フルル,アルパカ…？
イワビー,つばを飛ばすらしいから。
プリンセス,攻撃…してるってこと？
イワビー,愛情表現かも。
コウテイ,マーケティング…マーケティングじゃないや。
プリンセス,マーケティング！？
ジェーン,マーケティング！？
イワビー,次回、こうざん。
コツメカワウソ,うわあ…。
かばん,うわあ…。
サーバル,うわあ…。
かばん,どうやって登るんですかこれ…？
ラッキービースト,任せて。 ぴったりのコースが、あるんだ。
サーバル,とりあえず、付いていこうか。
ジャガー,じゃああたし達、バスを見てるね。
コツメカワウソ,遊んどくねー。
かばん,よろしくお願いします。
サーバル,なあにここー？
ラッキービースト,さあ、ここからロープウェーに乗り、乗り、の、り…。
ラッキービースト,検索中、検索中。
かばん,またあ？
サーバル,またあ？
サーバル,これ、通っていけないかな？
サーバル,よっ…と。 …うわー！
かばん,サーバルちゃん！
サーバル,どうしよっか…ボスはこの調子だし。
サーバル,崖沿いに登ってみる？ あの辺から、登れそうだよ。
かばん,ぼくには、ちょっと無理かも。
かばん,あっ？
サーバル,あっ？
トキ,ふう…。
トキ,わたしはートキー♪
かばん,えっ？
サーバル,えっ？
トキ,仲間を探してるー♪
トキ,どこにいるの仲間達♪
トキ,わたしの仲間ー♪
トキ,探しーてくださいー♪
トキ,あー、仲間…。
サーバル,ふえー…。
かばん,あは、あはは…。 
サーバル,すごい、声だね…。
かばん,うん。 すごいね！
トキ,こんにちは。 よっと。 
トキ,初めまして。 わたしはトキ。 わたしの歌どうだった？
サーバル,ち、力強い、ね。
かばん,羽がふさふさして、とってもきれいでした。
トキ,うふふ。
トキ,ありがとう。 やっぱり誰かに聞いてもらうのって、いいわね。
サーバル,なんだかふたり、嬉しそうでよかった。
トキ,アンコール、ということかしら。
サーバル,ええっ？
トキ,わたーしはトキー♪
サーバル,ううう。 あとで、あとで、ゆっくり、ね！？
トキ,仲間を探してるー♪
原作,けものフレンズプロジェクト
コンセプトデザイン,吉崎観音
企画,廣部琢之、加藤英治、山田昇、柳田一哉、ビンセント・ショーティノ、柴野達夫、池本浩史、梶井斉、寺井禎浩、濱田直樹、長畑克也、武智恒雄
特別協力,竹林昇、宮原亜希子
シリーズ構成,田辺茂範
作画監督,伊佐佳久
美術監督,白水優子
撮影監督,石山智之
音響監督,阿部信行
オープニングテーマ,「ようこそジャパリパークへ」どうぶつビスケッツ×PPP、作詞・作編曲: 大石昌良
音楽,立山秋航
音楽プロデューサー,内田峻
音楽制作,ビクターエンタテインメント
音楽協力,テレビ東京ミュージック
アニメーション プロデューサー,福原慶匡
アニメーション制作,ヤオヨロズ
プロデューサー,細谷伸之、岡本泰幸、清水美佳、福田聡、秋尾浩史、石垣吉彦、工藤大丈、塩田友、和泉勇一、福田順
監督,たつき
製作,けものフレンズプロジェクトA
トキ,こんなところで何してたの？
かばん,山頂にいきたいんです。
サーバル,ボスがここから楽にいけるって言ってたんだけど…。
トキ,よかったら運ぶわよ。 この山の上通るつもりだったし。
サーバル,ほんとに？ そんなことできるの？
トキ,ひとりぐらいなら、たぶん。
サーバル,ふん！
サーバル,かばんちゃんじゃないと、ボスと喋れないから、頼むね。
かばん,ほんとに、大丈夫？ 待っててもらったほうが…。
サーバル,平気。 山頂にあるんでしょ？ どっちが先に着くか、競争だよ。
トキ,わたし達もいくわよ。
かばん,うわぁ…！ すごいですね、飛んでる！
トキ,空は初めて？
かばん,はい！
かばん,重たくありません？
トキ,平気よ。 わたし、もともと大きい羽だったし、この羽は動物だった頃より、便利に飛べるの。
かばん,へえ…。
ラッキービースト,トキは翼を開くと、140cmにもなる、大きな鳥だよ。
ラッキービースト,全身は白、翼の下の朱色がかった濃いピンク色が特徴だよ。
ラッキービースト,この美しい赤は、鴇色と呼ばれたりもするんだ。
トキ,あなた、わたしのこと詳しいのね。
かばん,あ、これぼくじゃなくて、ラッキーさんが。
トキ,もしかして、わたしのファン？
かばん,え、ファン？ はい、素敵だと思います。
トキ,むふ。
トキ,大事なわたしのファン、落とさないようにしなくっちゃね。
かばん,はい、ありがとうございます！
ラッキービースト,トキの鳴き声は、カラスに似た濁った声で、とってもうるさかったんだって。
かばん,あ、ぼ、ぼくじゃないです。 ぼくは…。
かばん,う、うわあ！
かばん,ぼくは好きですよ、トキさんの歌！
トキ,ほんと？ 照れるわね。
かばん,はい、大きくて、遠くまで聞こえそうですよね。
ラッキービースト,鳴き声は鼻声っぽいとも言われ、それを題材にした昔話なんかもあったんだって。
かばん,う、うわあ！
かばん,ぼ、ぼくじゃないです。 ぼくじゃないですから！
かばん,ラッキーさん、わかりましたから。 大丈夫ですから！
かばん,うわー。
トキ,あなたはサバンナから来たんだっけ。 あんな暑いところ、よく通ってきたわね。
かばん,はい、暑かったです。 トキさんは、どちらから来たんですか？
トキ,あの森の上を通ってきたわ。 わたしは暑すぎるのも寒すぎるのも嫌ね。
かばん,でも、すぐ隣なのに、暑さや湿気、けっこう違うんですね。
ラッキービースト,サンドスターによって、温度、湿度、日差しまでもが変化してるんだ。
ラッキービースト,サンドスターには謎が多く、ぼくらもまだ、わからないことだらけだよ。
かばん,サンドスター…。
トキ,あそこから出るのよね。
トキ,あなた、今年の噴火で生まれたんですって？
かばん,そうみたいです。
トキ,なんの動物か、わかるといいわね。
サーバル,ふーんぬんぬ…。 思ったより、大変だったよ。
サーバル,うわあ！ うう…危なかった…。 かばんちゃんとトキ、大丈夫かなあ。
サーバル,うう、待っててかばんちゃん、すぐいくから。
トキ,ここで食べるとすごく美味しいわね。 新発見だわ。
かばん,ほんとですね。
かばん,モノローグ:後でサーバルちゃんにも教えてあげよう。
トキ,ジャパリまんの歌を作ろうかしら。
トキ,柱とジャパリまん。
かばん,…？
トキ,柱で食べるージャパリまんーはー♪
トキ,ああ美味しいー♪
トキ,さーいこー♪
かばん,トキさんは、本当に歌が大好きなんですね。
トキ,でも、フレンズの姿だとちょっと勝手が違うみたい。
トキ,この体ならではの歌い方が、あるんじゃないかしら。
トキ,そうだ、あなた歌ってみて。
かばん,えっ？
トキ,あなた、なんだか、歌に詳しそうだし、わたしのことも詳しかったから。
かばん,いやー、あれは、ラッキーさんの…。
トキ,いいからいいから。
かばん,ええー…。
トキ,ほら。
トキ,柱で食べるージャパリまんーだよー♪ 美味しいー♪
かばん,柱で食べるージャパリまんがーいつもよりもー美味しいー♪ 新発見…。
トキ,おおっ！
トキ,やっぱり、あなたとっても上手い。 何か工夫ってあるの？ 息の仕方、かしら。
かばん,え…どうだろう。 お腹の辺りで呼吸すると、いいのかな…？
トキ,ふん、ふん。
かばん,でも、寒いから、ちょっと喉が苦しいかもですね。
トキ,なるほど、歌う場所が大事なのかしら。
かばん,トキさん、勉強熱心なんですね。
サーバル,あっ？
サーバル,ああっ！
サーバル,みゃ、みゃ、みゃ、みゃ、みゃ、みゃ、み…。
サーバル,みゃ〜〜！
かばん,わぁ…。 すごいところですね。
トキ,ん？ あれじゃない？
アルパカ,はあー！ いらっしゃーい！ ようこそージャパリカフェへ。 どうぞどうぞ、ゆっくりしてってー。
かばん,あ、はい。
アルパカ,いや待ってたよぉ。 やっとお客さんが来てくれたよ。 嬉しいな。
アルパカ,ねぇ何飲む？ いろいろあるよ、これね紅茶っていうんだって。 博士に教えてもらったの。 ここからお湯が出るからそれを使ってね。
かばん,あのー。
アルパカ,ん？
かばん,ぼく達、電池を充電できるところを探してて。
アルパカ,…お客さんじゃないのか…。 ペッ！
かばん,ああ！ ごめんなさい！
かばん,こういうのなんですけど…。 
アルパカ,ああ、それならもしかして…。
かばん,わあ…。
アルパカ,これじゃないかなあ。
かばん,ですかねー…？
ラッキービースト,これだよ、これだよ。
トキ,なにこれ。
アルパカ,すごいでしょー？ これのおかげで紅茶が作れるんだよ。
かばん,これ、アルパカさんが作ったんですか？
アルパカ,まさかー、元々ここにあったんだよー。
アルパカ,あたしもこれが何なのか、知らないんだけどね。 ふへへへへ。
ラッキービースト,これでオーケー。 1時間ほど待ってね。
かばん,あれ？ ちょっと暗くなりました？
アルパカ,ああ、それねー。
トキ,紅茶っていうの、飲んでみたい。
アルパカ,あー、それがさっきの線を抜いたら、お湯が止まっちゃうんだ。
かばん,ごめんなさい。 大丈夫なんですか？
アルパカ,だーいじょぶだいじょぶ、お客さん全然こねぇから。 ああその充電？ が終わったら1杯淹れるよ。
トキ,そんなにお客さん、来ないの？
アルパカ,来ないねー。 誰も来ないねー。
かばん,素敵なところなのに…。
トキ,みんな知らないんじゃないの？
アルパカ,いやー麓でいろんな子に伝えたんだけど。 誰も来てくれないんだよ。
トキ,もしかして、みんな場所がわからないんじゃない？ わたしはこの子から聞いてたから。
アルパカ,うぇ？ そんなにわかりにくいのぉ？
トキ,この辺山ばっかりだもの。 通り過ぎちゃうわ。
アルパカ,そうかー。 あたし登ってきちゃうから。 考えたことなかったなー。
トキ,飛べる子以外通らないんじゃない？
アルパカ,うぃー？ 楽勝でしょ。 荷物持ってても余裕だよ。
かばん,あの、ひとつ試してみたいことがあるんですが。
かばん,ここの草って、抜いても大丈夫ですか？
アルパカ,平気平気。 草むしり大変だから助かるよ。
かばん,今から言うところを、一緒に抜いてもらってもいいですか？
かばん,まず、あっちに向かって、まっすぐ進みます。
アルパカ,わかったよー。
トキ,了解。
アルパカ,よいせ、よいせと。
トキ,1曲歌いたくなるわね。
かばん,そのまま、ちょっとずつ曲がってもらえますかー？
ラッキービースト,除草、除草、除草。
トキ,うわっ。
トキ,アルパカは、なんでここでカフェをやろうと思ったの？
アルパカ,ここって、隣のちほーにいく時よく通るじゃない？
トキ,鳥系の子はね。
アルパカ,この辺りで一休みできたら、とても素敵だなーって。
アルパカ,んである日、隣の山にこの小屋を見つけたんだ。
アルパカ,そういうところでお茶を出すと、カフェになるって聞いて、図書館で作り方教えてもらったの。
アルパカ,後はみんなに来てもらうだけだって思ってたんだけど。 そのみんなが、全然来ないんだよねー。
ラッキービースト,ちょっと除草を中断してもいいかな。
かばん,はい？
アルパカ,どうしたんだろ？
トキ,さあ？
かばん,じゃあ、飛んでもらえますかー？
トキ,うん、わかった。
トキ,飛ぶとどうなるのかしら。
アルパカ,わあ、飛んでる飛んでるー。
トキ,あっ、下見て、下。
アルパカ,うん？
アルパカ,わあ…！
トキ,これならみんな、素通りしないんじゃない？
アルパカ,すごいすごい、これならきっと気付いてくれるよぉ！
かばん,よかった…。
かばん,おっ？
かばん,うわーあ！
かばん,サーバルちゃん…。
かばん,大丈夫…？
サーバル,山登りがこんなに大変だったなんて。
アルパカ,なになにー？ さっそくお客さんかなー？
かばん,無茶しないでね。
サーバル,えへ、夢中になっちゃった。
トキ,おとなしく待っててもいいのに。
アルパカ,お疲れさまー、さあどうぞ。
アルパカ,えへ、どうぞ、はいどうぞ。
かばん,アルパカさん嬉しそうです。
アルパカ,そりゃあそうだよー。
サーバル,うわあこれがカフェ。
トキ,これはお茶？
トキ,いただきまーす。
サーバル,いただきまーす。
かばん,いただきまーす。
サーバル,はあ…。
かばん,はあ…。
サーバル,いいなあ、カフェって。
かばん,落ち着くねえ…。
アルパカ,みんな気付いてくれるといいなあ。
トキ,では、ここで1曲。
サーバル,ううう…。
トキ,わたしはートキー♪
トキ,仲間を探してーるー♪
トキ,どこにいるーのーわたしの仲間ー♪
トキ,あー、仲間…。
サーバル,うん、どうしたの？ さっきよりすっごくいい声になってる。
トキ,確かに、いつもより歌いやすかったわ。
アルパカ,さっき、歌を歌うって言ってたから、喉にいいお茶淹れてみたんだ。
アルパカ,体も温まって、いい感じでしょ？
トキ,わたし、ここに通う。
アルパカ,はーやった。
トキ,もう1杯、いえ、たくさんちょうだい。
アルパカ,たくさん飲んでも、一緒だよ。
アルパカ,おおっ？
トキ,おおっ？
かばん,おおっ？
サーバル,おおっ？
サーバル,すっごーい！ なにこれなにこれ！
アルパカ,これ、こうやって使うものだったんだー。
ラッキービースト,これに乗って麓まで移動できそうだよ。
サーバル,すごいすごーい。 あたしやりたいあたしやりたーい！
アルパカ,じゃあ、気を付けてね。 バス？ が動くといいねえ。
かばん,はい、ありがとうございました。
トキ,わたしの歌が聞きたくなったら、いつでも呼んで。
サーバル,うん。 トキも元気でね。
アルパカ,まぁたおいでにぇ。
サーバル,おいしょ、おいしょ。
かばん,はい！
サーバル,おーいしょ、おーいしょ、おーいしょ、おーいしょ、おーいしょ、おーいしょ、おーいしょ。
かばん,素敵なカフェだったね。
サーバル,また飲みに来ようね。
かばん,うん！
アルパカ,じゃ、もう1杯淹れようか。
トキ,もちろんよ。
ショウジョウトキ,んん？ 
ショウジョウトキ,ここで何やってるの？ 上から変なもの見えたんですけど。 あと何か歌も聞こえたんですけど。
サーバル,よいしょ、よいしょ。
サーバル,脚がパンパンだよー。
かばん,お疲れさま。
コツメカワウソ,おかえりー！
かばん,ただいま！
ジャガー,で、どうだった？
かばん,上手く行ったみたいです。 これ。 
かばん,おお…？
サーバル,おお…？
コツメカワウソ,おお…？
ジャガー,おお…？
かばん,やったー！
サーバル,やったー！
コツメカワウソ,やったー！
ジャガー,やったー！
コツメカワウソ,ね、バスってどうやって動くの？
かばん,わからないです。
ジャガー,足がこう…バタバタするんじゃない？
サーバル,どれが足なんだろう。
コツメカワウソ,おおっ！
サーバル,おおっ！
かばん,おおっ！
ジャガー,おおっ！
コツメカワウソ,おおおっ！
サーバル,おおおっ！
かばん,おおおっ！
ジャガー,おおおっ！
コツメカワウソ,おおおおっ！
サーバル,おおおおっ！
かばん,おおおおっ！
ジャガー,おおおおっ！
コツメカワウソ,あはは、やったやった！
サーバル,あはは、やったやった！
かばん,あはは、やったやった！
ジャガー,あはは、やったやった！
サーバル,待て待てー。
コツメカワウソ,乗せて乗せて乗せてー。
サーバル,止まれー、動けー！
サーバル,うっ。
ジャガー,あははは！
かばん,あははは！
かばん,危ないよ。
かばん,ありがとうございましたー。
サーバル,またねー。
ジャガー,気を付けてなー。
コツメカワウソ,まったねー。
サーバル,バイバーイ。
コツメカワウソ,バイバーイ！
サーバル,すっごいねー、バス。
かばん,うん、すごいね。
かばん,わあ、サーバルちゃん、さっきの山が見えるよ。
サーバル,やっぱりおっきいね。 大変なはずだよ。
かばん,サーバルちゃん、やっぱりあれは、歩いていく場所じゃないよ。
サーバル,そうだ！ 聞いて聞いて。 途中木登りができるところがあると思ったら、剥がれてきて大変だったんだよー。 下まで落ちちゃって。
かばん,ええ？ 大丈夫だったの？
脚本,田辺茂範
作画監督,伊佐佳久
作画,原田優、加藤望、千里紗月、若葉恵、森山文子
美術,白水優子、鈴木凛、後藤律里、田中璃奈
衣装デザイン協力,雪
撮影,旭プロダクション宮城白石スタジオ、石本智之、伊藤隆洋、長谷部祐介、渋谷佳樹
編集,ヤオヨロズ
ビデオ編集,尾形茂信
編集助手,小林准
編集スタジオ,ビデオテック、海老沢かおる
音響効果,風間結花
録音調整,佐藤敦
録音助手,竹内俊平
録音スタジオ,スタジオインスパイア
音響制作,青二プロダクション
音響制作担当,池田克明、池沢勝斗
オープニングアニメーション,絵コンテ・演出: たつき、作画監督: 伊佐佳久、美術: 白水優子
エンディングテーマ,「ぼくのフレンド」みゆはん、作詞・作曲: みゆはん、編曲: R_Men_Soul
挿入歌,「大空ドリーマー」PPP、作詞・作編曲: halyosy
番組宣伝,大城博章、志村麻奈貴、飯塚彩、矢崎潤、津末達也
宣伝協力,少年エース
取材協力,佐渡市トキの森公園、那須アルパカ牧場
プランニングマネージャー,石本順也
タイトルロゴデザイン,米田龍平
制作進行,影近直樹
コンテ・演出,たつき
製作,けものフレンズプロジェクトA
アライグマ,おおっ？
フェネック,うん？
カバ,だーれー？ 
アライグマ,わあ！？
フェネック,わあ！？
フェネック,あー、びーっくりしたー。
カバ,大丈夫ー？ お水、飲む？
アライグマ,あっ、あの、こういうのを被ったやつ、知らないか？
カバ,ああ、ここを通っていきましたわよ。 あの子がどうかしたの？
フェネック,おー、ほんとにこっちだった。 すごいよアライさん。
アライグマ,早く捕まえないとなのだ。 あれは、あれは…えい！ 
フェネック,おねーさんありがとー。
カバ,セルリアンが出てるから、あなた達も気を付けなさいよー。
ジェーン,今週は、ツチノコを予習しましょう。 ツチノコは、いびきをかくらしいですよ。
イワビー,いびきをかく。
プリンセス,いびきー？
コウテイ,いびきー？
イワビー,どんな音だろ。
フルル,ふん、ふん、ふーん。
イワビー,それはいびきなのか？
プリンセス,いびきかなそれ。 いびきじゃなくね？
コウテイ,いびきかなそれ。 いびきじゃなくね？
フルル,あー間違えた。
プリンセス,今匂い嗅いでたの？
フルル,匂い嗅いでた…。
プリンセス,わかんねー！
フルル,間違えちゃった。
コウテイ,全然わからないぞ。
ジェーン,次回、さばくちほー。
ラッキービースト,そろそろさばくちほーだよ。 よかったら、上の窓から見てみて。
かばん,上？
サーバル,上？
サーバル,何これ、登れるの？
かばん,あはっ。 
かばん,わあー。
サーバル,わーい。 
サーバル,砂がたくさんあるね。
ラッキービースト,さばくちほーは雨が極端に少ないから、砂、岩石が多く、植物はとっても少ないよ。
ラッキービースト,砂漠にも種類がいろいろあるんだ。 実は、こういう、砂ばっかりのものは珍しいんだよ。
かばん,この道、大丈夫ですか…？
ラッキービースト,図書館は、さばくちほーを通れば、すぐだよ。 運転は任せて。
サーバル,わあ〜〜。
サーバル,あっ？
原作,けものフレンズプロジェクト
コンセプトデザイン,吉崎観音
企画,廣部琢之、加藤英治、山田昇、柳田一哉、ビンセント・ショーティノ、柴野達夫、池本浩史、梶井斉、寺井禎浩、濱田直樹、長畑克也、武智恒雄
特別協力,竹林昇、宮原亜希子
シリーズ構成,田辺茂範
作画監督,伊佐佳久
美術監督,白水優子
撮影監督,石山智之
音響監督,阿部信行
オープニングテーマ,「ようこそジャパリパークへ」どうぶつビスケッツ×PPP、作詞・作編曲: 大石昌良
音楽,立山秋航
音楽プロデューサー,内田峻
音楽制作,ビクターエンタテインメント
音楽協力,テレビ東京ミュージック
アニメーション プロデューサー,福原慶匡
アニメーション制作,ヤオヨロズ
プロデューサー,細谷伸之、岡本泰幸、清水美佳、福田聡、秋尾浩史、石垣吉彦、工藤大丈、塩田友、和泉勇一、福田順
監督,たつき
製作,けものフレンズプロジェクトA
かばん,ラッキーさん？
ラッキービースト,砂嵐だね。
ラッキービースト,砂漠では珍しくないけど、砂を吸い込むと、体に悪いよ。
サーバル,え〜〜？
かばん,え〜〜？
ラッキービースト,迂回するね。
サーバル,ええっ？
かばん,ええっ？
サーバル,ボス？
かばん,ラッキーさん？
かばん,どうしよう。 押せばいいですか？
サーバル,わかった！
サーバル,わっ！ 来てるよ。 こっちに来てるよ。
サーバル,うぎゃっ！
スナネコ,ううう…。
かばん,わっ！
スナネコ,おっ？
かばん,サーバルちゃん！
サーバル,いやっ。 
サーバル,もう、大丈夫そうだね。 怖かったー。
かばん,助かりました。 あなたは…？
スナネコ,スナネコです。
サーバル,わあー、噂通りかわいいね。
サーバル,声もとってもかわいい。
かばん,はー。
スナネコ,サーバルも噂通りのドジっ子ですね。
サーバル,えー？ さっきの、わたしのせいじゃないよ！
かばん,スナネコさんは、どうしてあそこに？
スナネコ,すっごく大きい砂嵐だったので、
スナネコ,夢中になって見に行ったら、
スナネコ,飛ばされて、
スナネコ,気付いたら、ここに。
かばん,えーっ？
サーバル,危ないよー。
スナネコ,ぼく、気になるもの見つけると、夢中に…。
スナネコ,おー。
スナネコ,すごいですね。 なんですか、これ。
サーバル,ふっふん、バスっていうんだ。
サーバル,ジャングルでバラバラになっていたんだよ。 大変だったよねー。 電池？ を持って、すっごく高い崖を登って、カフェまで行ってさ。
スナネコ,なるほど。
サーバル,ええっ、もうちょい乗ってよ！
スナネコ,えっ、なにそれ？
かばん,えっ、これですか？
スナネコ,耳かと思ってた。 きれー！
かばん,あ、はい。 帽子の飾りですね。
スナネコ,はい。
サーバル,もう飽きてる！？
サーバル,スナネコ、こういう子だったんだね。
ラッキービースト,スナネコの体は、熱しやすく、冷めやすいと言われてるよ。
ラッキービースト,フレンズ化の時に、その影響があったのかもね。
スナネコ,うわ、ボスが喋ってるー。
スナネコ,でもまあ、騒ぐほどでもないか。
サーバル,冷めるの早いよ！
かばん,個性的なフレンズさんですね。
ラッキービースト,この辺りまでくれば大丈夫。
サーバル,ここも砂漠？
かばん,おー…雰囲気が変わったね。
スナネコ,おっ？
かばん,わあー。
サーバル,わあー。
ラッキービースト,砂漠のほとんどは、こうして岩石に覆われているよ。
ラッキービースト,真っ白な砂漠や、
ラッキービースト,小石ばっかりの砂漠もあるよ。
スナネコ,サーバル達はどこまでいくのですか？
サーバル,図書館だよ。 ここを通ると早いからって。
ラッキービースト,じゃあ、いこうか。
スナネコ,喋るボス、楽しいですね。
サーバル,でもかばんちゃんがいないと黙るんだよー。
スナネコ,サーバル、嫌われているのではー？
サーバル,違うよ！
かばん,それにしても…暑いねー…。
ラッキービースト,さばくちほーは、寒暖差が激しく、昼は40度を超えることも珍しくないよ。
サーバル,へーえ。
かばん,暮らすの大変そう。
ラッキービースト,だから、なるべく熱くならないように、それから水分を失わないように進化した動物が多いんだ。
サーバル,その点、バスはいいよね。 木陰のまま走れる感じ。
かばん,ああっ？
サーバル,ああっ？
かばん,あちっ！
サーバル,ボス！ 熱いよ！ 下が熱いよ！ あちっ！
スナネコ,そうですか？ ぼく、平気ですが。
かばん,えーっ？
ラッキービースト,スナネコは、足の裏が長い毛で覆われていて、
ラッキービースト,熱い砂もへっちゃらなんだ。
スナネコ,おー、道理で。 
サーバル,ボスー、どこか涼しいところない？ カラカラになっちゃう。
スナネコ,じゃあ、ぼくのうちにいきますか？
かばん,おうち？
サーバル,おうち？
かばん,ふー。
サーバル,助かったー。
スナネコ,ここがぼくのおうちです。
スナネコ,本来お昼はここでじっとして、夜に動くのです。 今日は珍しいものが、飽きるほど見られて、満足です。
サーバル,毎日楽しそうだね。
スナネコ,んっしょ、んっしょ、んっしょ。 
スナネコ,ジャパリまんでも食べますか？
かばん,わーい！
サーバル,わーい！
サーバル,この後、どうしよっか？
かばん,夜に、移動するとか？
ラッキービースト,砂漠の夜はとっても寒いよ。
サーバル,それもやだなあー。
スナネコ,奥の穴を通りますか？
サーバル,奥の穴？
かばん,奥の穴？
ラッキービースト,これは、バイパスだね。 ここからでも図書館の方にいけるよ。
かばん,でも、この穴じゃバスが…。
スナネコ,掘りましょうか。
サーバル,ええっ？
かばん,ええっ？
スナネコ,ふふ ふふ ふふ ふふ ふふふふーん♪ 
スナネコ,ふふ ふふ ふふ ふふ ふふふふーん♪ 
かばん,うわーあ。
サーバル,すごいよ、スナネコ。
かばん,真っ暗だね。
サーバル,ボス、ここ通って平気なの？
かばん,おおー！
サーバル,おおー！
スナネコ,おおー！
ラッキービースト,じゃあ、いこうか。
かばん,不思議な道…。
サーバル,どこに出るのかなー。
スナネコ,満足…。
かばん,ここで！？
サーバル,ここで！？
スナネコ,今日はここまでにしておくです…。 
スナネコ,あなた達といると飽きないから、また遊びましょ。
かばん,はい！
サーバル,こちらこそ。
サーバル,ふわーあ。 あくびもらっちゃった。
かばん,サーバルちゃんも夜行性だもんね。
サーバル,あれっ、何かあるよ？
かばん,うわあ…。
サーバル,なんだろうここ。
かばん,なんだろう。 歩いて入るのかな。
サーバル,ちょっと、入ってみようか。
かばん,なんだろうね、ここ…。
サーバル,なんだろうね。
サーバル,まだ、奥があるみたい。
サーバル,ええっ？
かばん,ええっ？
かばん,ああっ。
サーバル,なになに？
ツチノコ,あ〜〜！
サーバル,うぎゃー！
かばん,わ〜〜！
ツチノコ,なな、なんだ、お前ら！
ツチノコ,うわはっ！ 
スピーカーからの声,ようこそ地下迷宮へ。 きみは無事に出口までたどり着…。
スピーカーからの声,うっふっふっふ。
かばん,ひ、ひい…。
ツチノコ,そこ閉めたのか、このヤロー！
サーバル,ええっ、ご、ごめん。 あと、きみは？
ツチノコ,見ればわかるだろ、ツチノコだよ！
サーバル,見えないよ！
サーバル,どういうことなの？ ここは？
ツチノコ,くそー、あの扉が閉まると、簡単に出られなくなるから、わざわざ挟んどいたのに。
サーバル,なんで出てこないの？
ツチノコ,落ち着くんだよ！
ツチノコ,とにかく俺は、他を当たる！ お前らもおとなしく、出口にいけ。
サーバル,出口ってどっち？
ツチノコ,知らん。 俺もこれから探す。
ツチノコ,ま、セルリアンに気を付けることだな。
かばん,ええっ。
かばん,あのー…一緒に行っちゃ、ダメですか…？
ツチノコ,ああん！？
かばん,ひえっ。
サーバル,みゃ、みゃ…、あっ。 
サーバル,うん？
ツチノコ,あああーっ！
ツチノコ,何してんだ、お前！ ここは貴重な遺跡だぞ！
サーバル,ごご、ごめんなさーい。
かばん,あ、あの、付いて行っちゃダメですか…？
ツチノコ,うぐぐぐ…くそお…。
ツチノコ,付いて来い！
かばん,わーい…。
サーバル,わーい…。
かばん,ここは…。
ツチノコ,昔作られた、遺跡だ。
かばん,遺跡…。
サーバル,ずんずんいくけど、出口わかるの？
ツチノコ,匂いがするからなー。 外の空気の。
かばん,あはっ、すごーい。
サーバル,すごーい。
ツチノコ,お前の鼻は、飾りかー！
サーバル,だって、どれが外の匂いか、わかんないよー。
サーバル,分かれ道だね。
かばん,どっちだろう…。
ツチノコ,出口はこっち。 だが、セルリアンがいるな…。 逆からいくぞ！
サーバル,すごーい！
かばん,どうやってわかるんですか？
ツチノコ,ピット器官！
ツチノコ,…だとかで、俺には、赤外線が見えるからな。
ツチノコ,丸見えだ。
サーバル,それにしても広いねー。 なんのためにあるんだろう。
ツチノコ,でっ。 それを調べてる──。
サーバル,あれ？ ここ、通れないの？
ツチノコ,たぶんここから出られたんだろうが、ここまで溶岩に塞がれていると、ダメだな。
サーバル,溶岩？
ツチノコ,くっ…！ 図書館で聞け！
サーバル,ん？
ツチノコ,いるな。
かばん,ひえっ！
ツチノコ,あんまり近づくな。 数、いるぞ。
サーバル,平気平気。 壁の向こうだし。 それに、わたしの爪でやっつけちゃうよ。
ツチノコ,わあー！ 後ろ！ 後ろ！
かばん,わあー！ 後ろ！ 後ろ！
サーバル,ううぎゃあー！
ツチノコ,わあ〜〜！ 
かばん,わあ〜〜！ 
サーバル,わあ〜〜！ 
ツチノコ,何やってるんだー！ お前はー！
サーバル,ごめん、ごめん、ごめんー！
サーバル,どうしよう、かばんちゃん！
かばん,ええー！？
ツチノコ,橋の右端を歩け！ 右ー！
サーバル,えっ？
かばん,はい！
サーバル,ええっ、いき止まりだよ！
サーバル,うわあ、来た来た来たー！
サーバル,うわあ…。
ツチノコ,うわあ…。
かばん,うわあ…。
かばん,落ちてたら…落ちてたら今頃…。
ツチノコ,おっ、っと、っと、っと…。 あっ！
ツチノコ,うほーはっはー！
サーバル,どうしたの、ツチノコ？
サーバル,なにそれ？
ツチノコ,これは、ジャパリコインだ！ 昔パークで使われていた通貨で、あ、あはは、通貨っていうのはだな、今の、ジャパリまんのように、いろんな物と…あ、はっ！
かばん,はあ…？
サーバル,はあ…？
ツチノコ,きゃーっ！ 
ツチノコ,なんだーこのヤロー！ うおらー！
サーバル,聞かせてよー。
ツチノコ,きっきっ、きしゃー！
ツチノコ,ふっ、さっさと出口に向かうぞ。
サーバル,あっちだよー！
ツチノコ,そっちはさっき通っただろ！
サーバル,あれぐらいならやっつけられるんじゃない？
ツチノコ,じゃ、お前行ってこい。
サーバル,ええっ。
サーバル,あっ。
かばん,あっ？
サーバル,出口かな、明るいよ。
かばん,これは…。
ツチノコ,ここもか…。
ツチノコ,通るのは、無理か…。
サーバル,うみゃー！ 
ツチノコ,おおりゃー！ 
ツチノコ,掘るのも厳しいかー。
サーバル,他に出口ってないの？
ツチノコ,匂いは、ここからしかせんな。
サーバル,ええーっ、出られないってこと？
ツチノコ,俺は別に、もうしばらくいてもいいがな。
サーバル,ええーっ。
かばん,あっ…。
ツチノコ,暗くて落ち着くしな。
サーバル,やだー。
ツチノコ,まだおもしろいものが落ちてるかもしれん。
サーバル,やだやだー。
かばん,あのー、ここに何かあるような…。
ツチノコ,何か…？
かばん,はい、この印さっきも…。 
かばん,うわあっ！
かばん,やっぱり…。
ツチノコ,お前…！ なんの動物なんだ…？
かばん,あはは、まだわからなくて…。
サーバル,ああっ。
ツチノコ,はあっ、わーっ！
ツチノコ,すごいぞーっ！ あはははは！
ツチノコ,やっぱりここは人を楽しませるためにわざわざ作られたんだー！
ツチノコ,たぶん、正式に…はっ！ 
かばん,うん、うん。
サーバル,うん、うん。
ツチノコ,たぶん、正式に使われる前に、例の異変が起きて、だから地図には載っていなかったんだろう。
サーバル,ボス！
ラッキービースト,どうだった？ アトラクションが始まっちゃったから、出口から迎えにきたよ。
ツチノコ,あはっ！
ツチノコ,ラッキービーストが、声を…？
サーバル,そう、わたしには喋ってくれないんだよー。
ツチノコ,それが、普通だ…お前、もしかして？ 
ミライ,えー、いよいよ新アトラクション、地下迷宮のオープンです。
サーバル,あっ、まただ。
かばん,えっ？
サーバル,前かばんちゃんが寝てる時も、ボスがこの声を…。
ミライ,動物やフレンズと一緒に、迷路で遊べる、ふれあい巨大アトラクションです。
ミライ,楽しんでもらえるといいんですが…。 では、みなさんと会えるのを、楽しみにしています。
サーバル,じゃあねー、ツチノコ。
ツチノコ,今日は、よ、よかった…。 機会があれば、ま、またな…。
かばん,はい！
サーバル,照れてるのー？
ツチノコ,お前は、いらん！
サーバル,ひどいよー！
ラッキービースト,発車するよ。
ツチノコ,あいつ…絶滅していなかったのか…。 ふっ。
サーバル,なんだか不思議なところだったね。
かばん,うん。
脚本,田辺茂範
作画監督,伊佐佳久
作画,原田優、加藤望、千里紗月、若葉恵、森山文子
美術,白水優子、鈴木凛、後藤律里、田中璃奈
衣装デザイン協力,雪
撮影,旭プロダクション宮城白石スタジオ、石本智之、伊藤隆洋、長谷部祐介、渋谷佳樹
編集,ヤオヨロズ
ビデオ編集,尾形茂信
編集助手,小林准
編集スタジオ,ビデオテック、海老沢かおる
音響効果,風間結花
録音調整,佐藤敦
録音助手,竹内俊平
録音スタジオ,スタジオインスパイア
音響制作,青二プロダクション
音響制作担当,池田克明、池沢勝斗
オープニングアニメーション,絵コンテ・演出: たつき、作画監督: 伊佐佳久、美術: 白水優子
エンディングテーマ,「ぼくのフレンド」みゆはん、作詞・作曲: みゆはん、編曲: R_Men_Soul
挿入歌,「大空ドリーマー」PPP、作詞・作編曲: halyosy
番組宣伝,大城博章、志村麻奈貴、飯塚彩、矢崎潤、津末達也
宣伝協力,少年エース
取材協力,BIG CAT RESCUE、雷神inc.、Tiny、見越鈴、つちのこ館
プランニングマネージャー,石本順也
タイトルロゴデザイン,米田龍平
制作進行,影近直樹
コンテ・演出,たつき
製作,けものフレンズプロジェクトA
アライグマ,はあっ、げふ、げふ、げふっ。
フェネック,アライさーん、気を付けてよ。
アライグマ,はあー、これのおかげで助かったのだ…。
コツメカワウソ,おおっ？
ジャガー,誰？
コツメカワウソ,これはかばんちゃんが作ったんだー。
アライグマ,おかげで助かったのだ。 かばんさん…は、命の恩人なのだー。
ジャガー,どうしたの、慌てて。
フェネック,こんなのを被った子を追いかけててー。
ジャガー,それなら、さっきまで、あの山に行ってた…。
アライグマ,おおっ！ さっそく追いかけるのだ！ 
ジャガー,行ってたんだ…。
フェネック,どーもどーもありがとー。
フェネック,アライさーん、いそいじゃだめだってばー。 
ジャガー,…たんだけどー、戻ってバスにー…。
コツメカワウソ,あっはははは、あははは。
フルル,今週は、プレーリードッグについて予習しよう。
フルル,一夫多妻制で、家族思いなんだって。
コウテイ,奥さんみんな仲いいんじゃない？
プリンセス,えー、そんなわけないわよ！
イワビー,納得してない。
プリンセス,そんなわけない。
コウテイ,何かあったのか。
フルル,次回、こはん。
サーバル,きれーだねー。
かばん,うん！
ラッキービースト,大きな湖を通るよ。 ここはビーバーが作った湖とも言われているよ。
サーバル,へえー！
ラッキービースト,この辺りはほどよい暖かさで、樹木も豊かだよ。
ラッキービースト,見晴らしもよくて、ドライブにもお勧めだよ。
サーバル,そう言えば、バスってどうやって動いてるの？
かばん,ラッキーさん、触ってないですよね。
ラッキービースト,ぼくとリンクして、半自動運転してるんだ。 手動でも運転できるよ。
かばん,へー。
サーバル,モノローグ: みゃ…。
ラッキービースト,試しにやってみる？ ハンドルはここだよ。
かばん,ええー。 いいです、いいです。
サーバル,モノローグ: みゃんみゃんみゃんみゃん…みんみー！
サーバル,みゃー！ やってみたーい！ 
サーバル,ボス、これを動かせばいいの？ 
サーバル,みゃー、うみゃー。
サーバル,うお〜〜！
サーバル,たーのしー！
かばん,大丈夫？ サーバルちゃん…。
サーバル,大丈夫大丈夫。 あ、この足元にあるのはなになに？
ビーバー,あ〜〜！
原作,けものフレンズプロジェクト
コンセプトデザイン,吉崎観音
企画,廣部琢之、加藤英治、山田昇、柳田一哉、ビンセント・ショーティノ、柴野達夫、池本浩史、梶井斉、寺井禎浩、濱田直樹、長畑克也、武智恒雄
特別協力,竹林昇、宮原亜希子
シリーズ構成,田辺茂範
作画監督,伊佐佳久
美術監督,白水優子
撮影監督,石山智之
音響監督,阿部信行
オープニングテーマ,「ようこそジャパリパークへ」どうぶつビスケッツ×PPP、作詞・作編曲: 大石昌良
音楽,立山秋航
音楽プロデューサー,内田峻
音楽制作,ビクターエンタテインメント
音楽協力,テレビ東京ミュージック
アニメーション プロデューサー,福原慶匡
アニメーション制作,ヤオヨロズ
プロデューサー,細谷伸之、岡本泰幸、清水美佳、福田聡、秋尾浩史、石垣吉彦、工藤大丈、塩田友、和泉勇一、福田順
監督,たつき
製作,けものフレンズプロジェクトA
ビーバー,う、うう、うう…。
サーバル,うう…。
サーバル,ご、ご、ご、ごめんね…。
ビーバー,ああ…いいっすいいっす。 どのみちまだ作る前だったから、気にしなくて、いいっす…。
ビーバー,おれっちは、アメリカビーバー。 ビーバーでいいっす。 よろしくっす。
サーバル,わたしはサーバルだよ。 こっちはかばんちゃん。
かばん,よろしくお願いします。
ビーバー,かばん…？
かばん,何か、作ろうとしてたんですか？
ビーバー,そうっす。 これを作ろうと思って。 
ビーバー,これ、何かわかるっすか？
サーバル,不思議な形だねー。
かばん,木、ですか…？
ビーバー,おれっちはこれ、家だと思うんすよー。 さーいこー…。
ビーバー,たぶんこうしてこうして…木を組んでいくんだと思うんすよー。
サーバル,すごいねー、これ見ただけで作り方がわかるのー？
ビーバー,そうっすね、おれっちそういうのが得意みたい。
ビーバー,で、自分でも作れないかなって思って材料を集めたんすけど…。
ビーバー,さあ、作るぞってところで、材料を目の前にすると悩んじゃって…。
ビーバー,なかなか、踏ん切りがつかなくて…。
ビーバー,気付いたら、数日経ってて…。 がじがじがじがじ、がじがじがじがじ。
サーバル,心配症なの？
サーバル,大丈夫、ビーバーならできるよ。
かばん,そうですよ。 あれを見ただけで作り方がわかるなんて、すごいですよ。
ビーバー,そ、そうっすか。 でも、木材なかなか集まらないんすよー…。
サーバル,みゃ？
かばん,え？
ビーバー,そう言えば、前の木のお礼、まだだっけ…。
ビーバー,博士にジャパリまん3ヶ月分渡さないと。 
ビーバー,前の家は、譲っちゃったっすから。 
ビーバー,やっぱ無理だ…。
サーバル,ごめんねー！ 待ってー！
サーバル,任せて。 わたし達がまた、材料を見つけてくるよ。
かばん,材料って、どこにあるんだろう。
ラッキービースト,この辺りは混合林と言って、いろんな木がまばらにあるんだけど、建材として使うなら、真っ直ぐな針葉樹がお勧めだよ。 車で少し行ったところにいい林があるよ。
サーバル,わかった。 いこういこう。
サーバル,ビーバーも一緒にいこう。 気分転換に。
ビーバー,承知っす。 ぷるるる…。
ビーバー,はあ〜…。 
ラッキービースト,じゃあ、いくよ。
かばん,おー！
サーバル,おー！
ビーバー,あっ、ちょいとお待ちを。
サーバル,どうしたの？
ビーバー,これは持ってるっす。 忘れ物も、ないっす。 …大丈夫っす。
ラッキービースト,じゃあ…。
ビーバー,ああ、ちょいと。
ビーバー,ダム、穴空いてないっすよね。 しばらく留守にしても平気っすよね…？
サーバル,考え過ぎだよ。
ビーバー,はあ、すごいっすねこれ…。
サーバル,でしょ、ジャパリバスって言うの。 みんなで直したんだ。
ビーバー,動く家みたいっすね。 こういうのも、最高っすね…。
サーバル,でしょでしょ。 まあ、そのバスで、ぶつけちゃったんだけどね…。
ラッキービースト,右上の木を見てみよう。 エナガの巣だよ。 エナガは、苔とクモの糸を紡ぎ合わせて巣を作るんだ。 木のコブのような色と形で、外敵から見つかりにくくしているよ。
ラッキービースト,今度は左側をよく見ててね。
かばん,んん？ 
サーバル,んん？ 
ビーバー,んん？ 
ラッキービースト,ツカツクリの巣だよ。 オスが土や落ち葉を積み重ねて作った巣の中に、メスが卵を生むんだ。
サーバル,みんなすごいね。 わたしだったら、そのへんで適当に寝ちゃうけど。
ビーバー,おれっちは、ある程度囲まれてないと不安っすよ…。
ラッキービースト,このように、動物だった頃の習性から、家を作るフレンズもいるみたいだよ。 元と体の形がだいぶ違うから、最初はけっこう模索があるみたいだね。
ビーバー,おれっちもそうっすよ。 ほんとはもっと小さくて狭い家がいいんすけど、この体だとどうしても大きくなっちゃうんすよね。
かばん,わかります。 狭いところ、落ち着きますよね。
ビーバー,そうそう、外から見えないように蓋ができたり。
かばん,ああー、いいですね。 落ち着きます。
サーバル,モノローグ: ふたりとも性格が似てるかも。
ラッキービースト,見えてきたよ。
サーバル,うわあー、真っ直ぐな木がいっぱい。
ビーバー,かなりいい木材っぽいっすねー。
サーバル,すっごーい。
サーバル,わっ。
かばん,大丈夫？ サーバルちゃん。
ビーバー,どうしたんすか？
サーバル,大丈夫大丈夫。 地面よく見ると、すごいね。
サーバル,穴だらけ。
ビーバー,わ…。
かばん,ここ、何かいるのかな…。
サーバル,うわあ、何やってんの？
ビーバー,大丈夫ですか…？
プレーリー,うえっへっへ、うおっほっ。 何するでありますか！ 生き埋めにしてやるであります！
ビーバー,へ…？ おれっち達じゃないっすよね…？
サーバル,むしろ自分で埋まってたんじゃ？
プレーリー,は？ あ、はあー！
プレーリー,助けてくれたのでありますか？ ありがとうであります！ てっきり、誰かがわたしを生き埋めにしたのかと…。
サーバル,そんな恐ろしいことしないよ。
プレーリー,はじめまして、プレーリードッグであります。 ご挨拶をさせていただきたいであります。
かばん,よろしくお願いします。
サーバル,よろしくね。
プレーリー,ひひん。 
プレーリー,プレーリー式のご挨拶であります。
プレーリー,ひひん。 
かばん,ひえっ。
プレーリー,ほおー。 ビーバー殿も、お家を作ろうとしてるでありますか。 自分もまさに、住まいを作ろうとしていたでありますよ。
ラッキービースト,プレーリードッグは、巣穴を作る動物だよ。 主に草原地帯に生息しているよ。
プレーリー,見晴らしのいいところが好きなので、この辺りに家を作りたかったのでありますが。
プレーリー,掘れども掘れども崩れてしまって…。
ビーバー,ここまで穴だらけになると、脆くて危ないかもしれないっすね…。 ふーん…不安っすね…。
プレーリー,えっ、あなたすごいでありますな。 見ただけでそんなこと、わかるでありますか？ ぜひ、いろいろと教えていただけませぬか？
サーバル,わたし達、木を探しに来たんだ。 これ切ってからでもいい？
プレーリー,そういうことなら、手伝うでありますよ。
サーバル,うーん、どれがいいだろう。
ビーバー,えっと…長さがこれぐらいっすから…あでも、2回運ぶことになったら大変すから…できればきちんと…。
プレーリー,とりあえず、突撃でありまーす！
サーバル,ああっ。 ふー。
サーバル,あっ。
サーバル,ま、待って待って。
プレーリー,あ？
ビーバー,木の削り方で、倒れる方向をコントロールできますよ。 例えば…。
ビーバー,がりがりがりがり…。 一度こういうふうにしてから、こっち側を削ると。
ビーバー,がり、がり、がり。 
かばん,おおー。
サーバル,おおー。
プレーリー,おおー。
サーバル,なるほどねー。
プレーリー,ビーバーさん、すごいであります。 なるほど、歯を使うのですね！
ビーバー,こういう試しならすぐ切れるんすけど。 本番だと思うと、ううう…。
プレーリー,は、は、は、は、は、は、は！
プレーリー,はー！ はー！ はー！ はー！
プレーリー,なんとなく、見た感じで100本用意したであります。 長さは、後で調整したらどうでありましょう。
サーバル,飲み込み早すぎるよ！
ビーバー,ふあー…。
ビーバー,早いっす。 切り口もきれいっすね。 尊敬するっす！
プレーリー,我々チームで穴掘るから、指示通りに進めるのは慣れたものでありますよ。 ビーバー殿こそ、すごい知恵であります。 尊敬であります。
ビーバー,まさかこんなに早く手に入るとは。 みなさんのおかげっす。
ビーバー,頑丈さ、長さ、太さ、申し分ないっす。
ビーバー,今度こそ、大事に使わないと。
プレーリー,うわ、うわ、うわ〜〜！
プレーリー,見晴らしよし、日当たりよし、何より掘りたくなる感じ、たまらないであります！
プレーリー,うおー！ さっそく、掘るであります！
かばん,おおおー。
サーバル,おおおー。
サーバル,こっちは、大丈夫そう？
ビーバー,やってみるっす。
ビーバー,木材、よし。 まず土台から作って、後々曲がることも考えてと。
かばん,手順が全て見えているんだね。
サーバル,すごいね、ビーバー。
ビーバー,では…いや、ちょっと待つっす。 先に長さを調べて…。
ビーバー,うう、一度切ったらやり直せないっすからね…。 うーん…。
ビーバー,しばらくかかりそうっす、プレーリーさんを見てきてあげてほしいっす…。
サーバル,う、うん。 程々にね。
サーバル,プレーリーの方、どうだろうね。
かばん,もう、作っちゃってそうだね。
サーバル,あれ？ どこだろ、プレーリー。 プレー…。
かばん,プレーリーさあん！
プレーリー,ありがとう…気付いたらまた生き埋めに。
かばん,大丈夫ですか…？
サーバル,わたし達が来なかったら、どうしてたの？
プレーリー,でも、ここの土は把握したでありますよ。 いくでありますー！
プレーリー,がりがりがりがり…がーっ！ 岩が！ 岩がー！
サーバル,うわあー！
かばん,うわあー！
サーバル,大丈夫？
プレーリー,かたじけないであります。
かばん,もうちょっと、ゆっくり掘った方が…。
プレーリー,わかったであります。
サーバル,プレーリーって、すごいね。
かばん,ビーバーさんはどうだろう。
サーバル,おー…って、さっきとまったく同じ状態だよ。
ビーバー,わわわわわわ…今度こそ失敗できないと思うと、怖くて切れないっす。 うう、うううう…。
サーバル,かばんちゃん、何かいい方法ない？
かばん,そうだなあ…。
かばん,ああ！ 小さいのを作ってみたらどうですか？ 試しに。
ビーバー,小さいのっすか？
かばん,本物でうまくいくか調べるために、まず、これぐらいのサイズで作ってみるんです。
ビーバー,あっ、それいいっすね。 やってみるっす。
サーバル,プレーリーは上手く行ったかなあ。
プレーリー,助けてー、助けてー！
サーバル,うわあ、また？
プレーリー,よおし、今度こそであります。
サーバル,うわあ、待って待って。
かばん,掘る前に、考えてみてはどうでしょうか。
プレーリー,なるほど、掘る前に。 やってみます！
かばん,どうですか？
ビーバー,模型の模型から作ろうかと…。
サーバル,そこまでしなくて大丈夫だよ！
プレーリー,考えながら手を動かしていたはずなのでありますが。
サーバル,なーんでそうなるの！？
ビーバー,いまいち…。
ビーバー,はああ…。
プレーリー,はああ…。
かばん,まあまあ。
サーバル,ジャパリまんでも食べる？
ビーバー,プレーリーさんはどうでしたか？
プレーリー,20個ぐらい作ったんだけど、全部、ダメであります。
ビーバー,ええっ、すごい数。
プレーリー,ビーバー殿は？
ビーバー,うっ、まだ、ゼロっす。 手順はわかるんすけど…。
プレーリー,ええっ。 うらやましいであります。
ビーバー,はああ…。
プレーリー,はああ…。
かばん,はあ…。 あれ？
かばん,あのー、ビーバーさんとプレーリーさん、ふたり一緒に作ったらどうでしょう。
プレーリー,一緒？
ビーバー,一緒ですか？
ビーバー,おれっちに合わせてたら時間かかっちゃうっすよ。 申し訳ないっす。
プレーリー,こちらも、ビーバーさんの家を壊してしまいそうであります。
かばん,プレーリーさんは作るの専門。 ビーバーさんは、模型作りと指示に集中してみるっていうのはどうでしょう。
サーバル,試してみようよ。 ふたりは、どんなものが作りたい？
ビーバー,やっぱり、こういう編み編みがほしいな。
プレーリー,穴、穴、穴を掘りたいであります。
かばん,じゃあ、穴から入れるお部屋ですかね。
ビーバー,おれっちは、水が近いのがいいっす。
サーバル,じゃあ、あそこにする？
プレーリー,おーっ！ あそこまでトンネル掘ってみたいであります！
ビーバー,なんすかそれ。
サーバル,すごーい！ 通ってみたい！
ビーバー,じゃあ、登れるようにはしごでも作るっす。
サーバル,楽しそー！
プレーリー,模型、すごいであります！
ビーバー,入口が見えないのがいいっすね。 こっちにも入口が作りたいっす。
プレーリー,地下に部屋がほしいであります。 やはり、見晴らしがいいのに憧れるであります。
ビーバー,じゃあ、床は三重ぐらいにして。
かばん,そんなことができるんですか！？
サーバル,すごーい！
サーバル,おおーっ！
ビーバー,おおーっ！
プレーリー,おおーっ！
かばん,おおーっ！
サーバル,これ、作ってみようよ。
かばん,じゃあ、ビーバーさん、指示をお願いします。
ビーバー,そ、そうっすね。 じゃあ、まず、穴を掘りたいっす。
プレーリー,よしきたー！ で、あります！
ビーバー,普通に掘るとたぶん、崩れちゃうっすから、少し深めで、あと、しばらく掘ったら、木で補強するっす。 こういう形の。 
プレーリー,こうでありますかー？
サーバル,はやっ！
ビーバー,そのまま、少し下っす。
プレーリー,了解であります！
ビーバー,ふたりは土を運んであげてほしいっす。
サーバル,わかったよー。
かばん,はい！
プレーリー,がりがりがりがり…すごい、本当に崩れないであります。
プレーリー,無事開通でありますよー！
サーバル,おおー！
ビーバー,次は柱を作るっす。
かばん,はーい。
ビーバー,モノローグ: プレーリーさんは迷わずごりごり、すごいっすね…。 おかげでどんどん出来ていくっすよ。
プレーリー,モノローグ: ビーバー殿は、素材や土地のことを知り尽くしているようですごいであります。 穴掘りに集中できて、気持ちいいであります。
サーバル,わたし達、あんまり出番ないね。
かばん,そうだね、お掃除、やっとこうか。
サーバル,できたー！
ビーバー,できたー！
プレーリー,できたー！
かばん,できたー！
かばん,おおー。
プレーリー,いい見晴らしであります。
サーバル,わーい！
ビーバー,ここ、いいっすねー。
プレーリー,こんにちはであります！
プレーリー,またこんにちはであります！
サーバル,えへへへ！
サーバル,ここに寝転がれる場所、ほしくなるね。
ビーバー,それいいっすね。 これでどうっすか。 
サーバル,はやっ！
プレーリー,なるほど、こういうことでありますな。 
サーバル,はやっ！
かばん,息ぴったりのふたりだね。
サーバル,ほんと。
ビーバー,ふたりのおかげで立派な家ができたっすよ。
プレーリー,ようやく、落ち着いて暮らせるであります。
プレーリー,かばん殿の、一声あってこそであります。
かばん,ええっ、いやあ、ぼく、力もないし。 あんまりお手伝いできなくて。
ビーバー,そういう動物なんじゃないっすか？ 考えるのが得意だとか。
プレーリー,そうであります。 いい動物に違いないでありますよ。
かばん,あ…うん！
サーバル,それじゃ、いこうか！
ビーバー,あっ、その前に…。 
プレーリー,あっ！ 
フェネック,アラーイさーん。
アライグマ,うええっー！？
アライグマ,あの、目標が下山していたのだ…。
フェネック,だからゆっくりいこうってー。
アルパカ,じゃじゃ、1杯どう？
トキ,1曲どうかしら。
トキ,わたーしはトキー♪
アライグマ,カフェって。
フェネック,いーねー。
アライグマ,じゃないのだ！ お宝が呼んでいるのだ！
アルパカ,お宝？
トキ,お宝？
サーバル,この寝床いいなー。
かばん,ふふっ、いいもの作ってもらったね。
サーバル,おもしろい子達だったなあ。
かばん,素敵なコンビだったね。
サーバル,わたし達だって、素敵なコンビだよ。
オーロックス,お前ら、どっから来たんだ！
脚本,田辺茂範
作画監督,伊佐佳久
作画,原田優、加藤望、千里紗月、若葉恵、森山文子
美術,白水優子、鈴木凛、後藤律里、田中璃奈
衣装デザイン協力,雪
撮影,石山智之
編集,ヤオヨロズ
ビデオ編集,尾形茂信
編集助手,小林准
編集スタジオ,ビデオテック、海老沢かおる
音響効果,風間結花
録音調整,佐藤敦
録音助手,竹内俊平
録音スタジオ,スタジオインスパイア
音響制作,青二プロダクション
音響制作担当,池田克明、池沢勝斗
オープニングアニメーション,絵コンテ・演出: たつき、作画監督: 伊佐佳久、美術: 白水優子
エンディングテーマ,「ぼくのフレンド」みゆはん、作詞・作曲: みゆはん、編曲: R_Men_Soul
挿入歌,「大空ドリーマー」PPP、作詞・作編曲: halyosy
番組宣伝,大城博章、志村麻奈貴、飯塚彩、矢崎潤、津末達也
宣伝協力,少年エース
取材協力,東武動物公園、江戸川区自然動物園
プランニングマネージャー,石本順也
タイトルロゴデザイン,米田龍平
制作進行,影近直樹
コンテ・演出,たつき
製作,けものフレンズプロジェクトA
コウテイ,今週は、ライオンについて予習だ。 休憩を20時間もするらしい。
イワビー,20時間！
プリンセス,20時間！
ジェーン,20時間！
コウテイ,でも20時間わたし達が寝る映像、それだけでけっこう売れるんじゃないか。
イワビー,じゃーずっと寝とこう。
イワビー,あーしあわせー。
フルル,あーしあわせー。
プリンセス,あーしあわせー。
ジェーン,あーしあわせー。
コウテイ,次回、へいげん。
かばん,わ、わ…。
オリックス,なんだこれは？ 新しい武器か？
オーロックス,見慣れないなお前ら。 怪しい、怪しいぞ。
オーロックス,西！ 東！ どっから来たんだ。
かばん,ううう…。
ラッキービースト,あ、あ、あわわわわわ…。
オリックス,敵だった場合、ここで倒す。
オーロックス,おい、お前、どっちだ。
サーバル,サバンナからだよ。
オリックス,サバンナ？ サバンナって、どっちだ？
オーロックス,えーと武器を持つほうが東だっけ。 太陽が右でしょ。
オーロックス,この場合、どうしよう。
オリックス,うう、大将のところに連れていこう。
サーバル,大将？
原作,けものフレンズプロジェクト
コンセプトデザイン,吉崎観音
企画,廣部琢之、加藤英治、山田昇、柳田一哉、ビンセント・ショーティノ、柴野達夫、池本浩史、梶井斉、寺井禎浩、濱田直樹、長畑克也、武智恒雄
特別協力,竹林昇、宮原亜希子
シリーズ構成,田辺茂範
作画監督,伊佐佳久
美術監督,白水優子
撮影監督,石山智之
音響監督,阿部信行
オープニングテーマ,「ようこそジャパリパークへ」どうぶつビスケッツ×PPP、作詞・作編曲: 大石昌良
音楽,立山秋航
音楽プロデューサー,内田峻
音楽制作,ビクターエンタテインメント
音楽協力,テレビ東京ミュージック
アニメーション プロデューサー,福原慶匡
アニメーション制作,ヤオヨロズ
プロデューサー,細谷伸之、岡本泰幸、清水美佳、福田聡、秋尾浩史、石垣吉彦、工藤大丈、塩田友、和泉勇一、福田順
監督,たつき
製作,けものフレンズプロジェクトA
かばん,ああ…。
サーバル,あー、変なところー。
オリックス,黙って歩け。
オリックス,怪しいやつらを連れて来ました。
ライオン,入れ。
オーロックス,おらっ、入れ。
かばん,ふうう…。
オリックス,座れ。
オーロックス,変なものに乗って、縄張りに入ってきました。
ライオン,どこから来た？
サーバル,湖のほうだよ。
かばん,うん、うん。
ライオン,何しに平原へ？
サーバル,図書館にいく途中なんだ。 ここの隣なんでしょ？
ライオン,生まれは？
サーバル,サバンナだよ。
ライオン,お前は。
かばん,ぼ、ぼくは…ぼくも…サバンナ…？
オーロックス,こいつ怪しいぞ。
オリックス,やっぱり、ヘラジカのスパイなんじゃないのか？
サーバル,違うよ、それを調べに図書館に向かってるんだよ。
ライオン,わたしが処分する。 下がれ。
オリックス,はっ。
オーロックス,はっ。
かばん,ひゃっ。
サーバル,ひゃっ。
かばん,たた、食べ、食べるならぼくを…。
ライオン,は〜〜。 疲れた疲れたー。
かばん,えっ？
ライオン,あ、きみ達も楽にしなよー。 プライドの手前、部下にはリーダーっぽくしなくっちゃでさー。
サーバル,えっ、うん。
かばん,あ、はい…。
ライオン,いやーめんごめんご。 ちょうど来週合戦でね、みんなピリピリしてるんだ。
サーバル,びっくりしたよー。
ライオン,あははは。 タイミング悪い時に来たねえ。
かばん,合戦って、誰と…？
ライオン,ヘラジカ達とね。
ライオン,へいげんちほーは、うちと、ヘラジカ達で縄張り争いをしててね。 わたしも、任されたからにはやるけどさあ。
ライオン,正直そんなタイプじゃないんだよねー。 お外でゴロゴロしてたいなー。 みんな、血の気が多いよね。
サーバル,あははは。
サーバル,やめちゃったら？
ライオン,やめようって言ってるんだけど、向こうがムキになってやめてくれないんだよねー、「この城を落とす」ってさあ。 最近はいっそ、負けようとしてんだけど、
ライオン,あんまりにも一直線に攻めてくるから、わたしが出る前に部下だけで勝っちゃうんだよねー。
サーバル,どれくらい続けてるの？
ライオン,51回かなー。
サーバル,何回勝ってるの？
ライオン,51回だねー。
サーバル,全勝！？
サーバル,そんなに勝っちゃうなら、そのままでいいんじゃない？
ライオン,いやーでもあれ危ないよ？ そろそろけが人が出そうで嫌だな。
サーバル,あ、かばんちゃん、何かある？
かばん,あー、何か…違う形で勝負してみるとか、どうでしょう。
ライオン,ほう？
かばん,もっと、安全そうな決めごとの中で戦うんです。
かばん,例えば、こういう危なくないもので。
サーバル,楽しそー！
ライオン,勝ち負けは？
かばん,そうですねー…例えば、
かばん,これが割れたら、負けちゃったーとか。
ライオン,ほー、ほー、ほー。 それ、おもしろいなー。 腕自慢も、納得しそうだ。
ライオン,さっそくそれで、向こうに提案させよう。
ライオン,きみ、おもしろいなー。
かばん,いやー。 えへへ。
サーバル,かばんちゃんはすごいんだよ。 いっつもこうして楽しいこと思いつくの。
アルマジロ,これが、その、道具とのことです。
ヘラジカ,各自つけた風船が潰されたり、刺されたら、そいつはやられた扱い。 大将の風船が割れた方を負けとする、と？
ヤマアラシ,うう、なーんかバカにされてるです。
シロサイ,なんであれ次こそ勝ってみせますわ。
ヘラジカ,シロサイの言うとおりだ。 どんな形であれ、次こそ勝ってライオン達をあの城から出ていかせる。 大丈夫、わたし達ならやれる！ 今まではちょっと力不足だったり、天気が悪かっただけだ。
ヘラジカ,今度こそ、勝つぞー！
ヤマアラシ,おー！
シロサイ,おー！
カメレオン,おー！
ヘラジカ,勝つぞー！
ヤマアラシ,おー！
シロサイ,おー！
カメレオン,おー！
ヘラジカ,勝つぞー！
ヤマアラシ,おー！
シロサイ,おー！
カメレオン,おー！
かばん,うう…。
サーバル,なんでこんなことに。
ヘラジカ,さて。 そんな大変よいタイミングで、我々に仲間が加わったぞ。 ふたりとも、自己紹介をよろしく。
サーバル,サーバルキャットのサーバルだよ。 よろしくね。
シロサイ陣営,おー！
シロサイ,よろしくですわ。
カメレオン,よろしくでござる…。
かばん,なんの動物かわからないんですが、かばんです。 よろしくお願いします。
シロサイ陣営,わー！
アルマジロ,よろしくねー。
ヤマアラシ,よろしくですー。
ヘラジカ,うむ！ 期待しているぞ。 一緒にライオンを倒そう。
サーバル,よ、よろしく。
かばん,よろしくお願いします…。
かばん,モノローグ: どうしてこんなことに…。
サーバル,モノローグ: どうしてこんなことに…。
ライオン,そうだー、きみら、ヘラジカを勝たせてくれよ。
かばん,えっ？
サーバル,にゃっ？
ライオン,いっそ、ヘラジカにアドバイスできたらって思ってたんだよ。 それがいい、ぴったりだ。 うちの部下は、顔がバレてるからさ。
かばん,えええ…それはちょっと…。
サーバル,どうやって勝たせるの？
ライオン,んー勝たせ方は、きみなら、見ればすぐにわかるよー。
かばん,ええっ。
ライオン,頼むよー。 フレンズ助けだと思って、ひとつー。
シロサイ,倒しますわ。 おーっ！
ヤマアラシ,おーっ！
アルマジロ,おーっ！
カメレオン,おーっ！
ヤマアラシ,やっちゃうですよ！
シロサイ,おーっ！
アルマジロ,おーっ！
カメレオン,おーっ！
サーバル,狩りごっこみたいだね。
かばん,でも…バレたりしないかな…。
サーバル,大丈夫大丈夫。 ちょっと楽しくなってきたよ。
かばん,うん？
ハシビロコウ,じー…。
かばん,ううっ。 サーバルちゃん、すごい見られてるんだけど…。
サーバル,えっ、うわ、めちゃ見てる。 めっちゃ見てるよ。 なんで？
かばん,わああ…。
サーバル,えっと、えと。
サーバル,はいはーい！ ヘラジカ、どうやってライオンと戦うの？
ヘラジカ,武器は変わっても、戦いに変わりはない。 いつもどおり戦うだけだ。 そうだ、こいつを使って練習しておくか。
かばん,えっ？
サーバル,えっ？
ヘラジカ,ふあー！
アルマジロ,あー！
アルマジロ,あいっ！
ヤマアラシ,ヘラジカ様の勝ちですー。
カメレオン,相変わらずすごい力でござる…。
シロサイ,さすがは森の王ですわ。
サーバル,ひ、ひい…。
かばん,風船にした意味、なかったんじゃあ…。
ヤマアラシ,次はシロサイ対サーバル、ですー！
シロサイ,お手合わせ願いますわ。
サーバル,よろしくね。
シロサイ,手加減しませんわよ！
サーバル,どうやって持つのがいいのかなあ。 こうかなあ。
ヤマアラシ,始め、ですー！
シロサイ,ふーっ、ふー！ 
サーバル,うわっ！ (高くジャンプして避ける）
ヘラジカ,おおおっ！
アルマジロ,すごいジャンプ力だねえ！
サーバル,みゃみゃみゃみゃみゃみゃん、みゃー！ 
シロサイ,ぐっ！ 
シロサイ,でやーっ！
サーバル,えっ？ うわ〜〜！
シロサイ,サイサイサイサイサイサイ、お待ちなさーい！
サーバル,うううー！
シロサイ,うう…鎧が、重いですわ…。
サーバル,みゃ？
シロサイ,うう…はあ、ちょっと、待つですの…。
シロサイ,あっ！？
ヤマアラシ,サーバルの勝ち、ですー！
ヘラジカ陣営,おおー！
ヤマアラシ,次、カメレオン対かばん、ですー！
かばん,ええっ…。
かばん,ぼ、ぼくもですか…。 ぼく、戦い方とかよく…。
サーバル,がんばって、かばんちゃん。
かばん,ううう…。
カメレオン,うあ…ど、どうもでござる…。
かばん,どうも、ご丁寧に…。
カメレオン,拙者のような日陰者に、そんな…。
かばん,いやいや…ぼくのような…。
カメレオン,いやいや拙者…。
ヤマアラシ,始め、ですー！
カメレオン,ふぇ〜〜！ 
かばん,わあっ、うああ…！ 
カメレオン,ひええ…。 
かばん,ああっ？ …えいっ。
カメレオン,あっ。 うええ。
ヤマアラシ,勝者、かばん、ですー！
かばん,あの、なんですか？ 今の。 体が消えていたような。
カメレオン,拙者、体の色を変化させて、景色に溶け込めるので…。
かばん,えっ。 じゃあ、最初から透明になっておけば…。
カメレオン,ふええ、その手があったでござるか。 なるほど…。
ヘラジカ,お見事お見事。 お前達強いじゃないか。 珍しい戦い方をするんだな。
かばん,あのー、ちなみにシロサイさんとカメレオンさんは、いつもどんな戦い方を？
ヘラジカ,決まっている。 全員で城まで走って突撃だ。
かばん,ああー…。
かばん,あの、作戦があるんですが。
ヘラジカ,ほおー、聞かせてくれ。
ラッキービースト,わわわわわわ、あ、あ。
シロサイ,あなた達すごいですわねぇ。
サーバル,狩りごっこも楽しいけど、戦いごっこも楽しいね。
カメレオン,勉強になるでござる。
かばん,た、たまたまですよ。 たまたま。
サーバル,この合戦って、なんで始まったの？
ヤマアラシ,最初は、遊びだったんです。 ヘラジカ様が、ライオンと戦うぞーって。
アルマジロ,でもさ、あんまり勝てないからさー。 仲間のふたりすら倒せないんだよねー。
かばん,そんなに強いんだ…。
シロサイ,強いというか、組んで戦うのが上手いというのかしら。
アルマジロ,なんか、わたし達より考えてる感じがするよねー。
サーバル,みんな、どうやって戦うの？
シロサイ,突撃！ あるのみですわ。
かばん,向こうで強い方って誰ですか？
アルマジロ,アラビアオリックスが手強いよね。 あの子立ち回りが上手いんだわー。 あと、オーロックスかな。 とにかくパワーがすごいんだわ。 これが。
カメレオン,それから、ライオン以外に門番がひとり、いるらしいでござるよ。 我々はそこまでたどり着いたことないでござるが…。
かばん,なるほど…。 そうなんですね。 ん？
ハシビロコウ,じー…。
かばん,サ、サーバルちゃん。 また見られてるんだけど…。
サーバル,疑われてるのかな。 それとも、なにか怒らせたかな？
シロサイ,いきますわよ。
アルマジロ,いっちょやろーかー。
ヤマアラシ,うー、緊張するですー。
ハシビロコウ,うー。
オーロックス,さーて、いっちょ揉んでやるか。
オリックス,今日も全力でいくよ。
シロサイ,いきますわよ！
アルマジロ,おーっ！
ヤマアラシ,おーっ！
ハシビロコウ,おーっ！
オーロックス,いくぜー！
オリックス,おー。
かばん,みなさん、大丈夫でしょうか。
ヘラジカ,かばんの作戦は完璧だ。 皆を信じよう。
オーロックス,いつもどおり馬鹿正直に来たところを、倒して終わりだ。
オリックス,ううん？ 数が少ないか？
シロサイ,！
アルマジロ,よよよよ。
オーロックス,なんだ？ なんか、いつもと感じ違うぞ。
オリックス,これなら、どうだ！
シロサイ,あの子の言ったとおりですわね。
アルマジロ,わたし達、守りに徹すると、こんなに頑丈だったのか。
オーロックス,くっそー、なんで俺が風船ひとつ割れねえんだ。
オリックス,これは長引きそうだぞ。 先に他を…うん？
オーロックス,ヘラジカだ！
オリックス,あれを仕留めれば終わりだ！
ヘラジカ,おおっ？
カメレオン,見てきたでござる。 城内は見張りひとりだけでござる。
かばん,ありがとうございます。 案内、おねがいしますね。
ヘラジカ,それにしても、カメレオンは潜入が上手いな。 なぜ今までやらなかったんだ？
カメレオン,えーっ。 いつも潜入させてくれと言ってたでござるよ…。
ヘラジカ,そうだったか？
カメレオン,あっ。 待つでござる。
カメレオン,ここにひとり、見張りがいるでござる。
カメレオン,歩きまわってるから、いなくなるのを待つでござる。
かばん,はい。
ヘラジカ,やあやあ、わたしはヘラジカだ！ いざ、勝負だ！
ツキノワグマ,ええっ！？
かばん,えっ？
カメレオン,えーっ！？
ツキノワグマ,まーてー！
ヘラジカ,なぜだ！ 勝負しよう！
かばん,目的が、違ってまーすー！
カメレオン,ここは、拙者が食い止めるでござる。
ヘラジカ,なんだと？
カメレオン,ヘラジカ様は、ライオンを倒すでござる。 さあ！
ツキノワグマ,まさか城まで来るなんてね。 初めてじゃない？
カメレオン,今回の我らは、一味違うでござるぞ。
ツキノワグマ,さっさと倒させてもらうよ！
カメレオン,待った！ 見るでござる。 
ツキノワグマ,消えた…？ すごーい！
カメレオン,ふっふっふ、消えるまで待ってもらうことを憶えたでござるよ。
カメレオン,まきびしの術！
ツキノワグマ,うう…やられた…。
カメレオン,ふっふっふ、今回、とても忍びっぽいでござる！
カメレオン,あ。
オリックス,よし、すぐそこだ。
オーロックス,覚悟しろ、ヘラジカー！
サーバル,う、うう…重いなこれ…。 ここで囮になれって言われたけど…。
オリックス,隙だらけだぞ…？ ここから仕留める！ 
サーバル,ううっ！
オーロックス,ええっ。
オリックス,ひいっ。 ご、ごめんよ…そこまでやるつもりじゃあ…。
サーバル,わあ、あっ、ヤバイよヤバイよ。 頭ひっつけなきゃ。
オーロックス,ああっ、ややや、やべーよ、ヘラジカ、やべーよ…。
オリックス,わわわ…。
ヘラジカ,ついに会えたな、ライオン。
ライオン,おお、よく来たな、ヘラジカ。
ヘラジカ,挑み続けて52回。 ついにここまで来られたぞ。 初めて平原でお前を見た時から、ずっと全力で戦ってみたかった。 
ヘラジカ,ずっとこの時のために戦ってきた。 皆のおかげでようやく今日、その夢が叶う。
ヘラジカ,いざ、勝負だ！
かばん,えっ？
かばん,ひっ、引き分け！
ヘラジカ,それにしてもライオンの試合中の顔よ。
ライオン,こっちこそ、串刺しにされるのかと思った。 あっはっはっは。
ヘラジカ,皆、ご苦労だったな。 今日の合戦は終わりだ。
ヘラジカ,勝負は惜しくも引き分けだったが、わたしもようやくライオンとひと試合できて、とても満足だ。
ライオン,こちらも、今日は楽しかったよー。 そうだ、引き分けだからわたし達も、城から出るよ。 またやろう！
ヘラジカ,わたしは戦えれば、城なんかどうでも。 これならけが人も出ないしな。 これ、誰が考えたんだ？
ライオン,さー誰だったかなー。 
ライオン,今度は、どんなルールがいい？ そこのきみ？
かばん,うえっ？ あ、そうですね、手を使わずに、これを足で蹴って遊ぶ、とか…。
サーバル,これで安心して図書館にいけるね。 かばんちゃんについて何かわかるといいなあ。
かばん,そうだね。
ハシビロコウ,…。
かばん,あっ。 な、なんでしょうか…。
サーバル,うう、最後までガン見…。 あの子だけは慣れなかったなあ。
ハシビロコウ,あなた…もしかして、ヒト？
脚本,田辺茂範
作画監督,伊佐佳久
作画,原田優、加藤望、千里紗月、若葉恵、森山文子
美術,白水優子、鈴木凛、後藤律里、田中璃奈
衣装デザイン協力,雪
撮影,石山智之
編集,ヤオヨロズ
ビデオ編集,尾形茂信
編集助手,小林准
編集スタジオ,ビデオテック、海老沢かおる
音響効果,風間結花
録音調整,佐藤敦
録音助手,竹内俊平
録音スタジオ,スタジオインスパイア
音響制作,青二プロダクション
音響制作担当,池田克明、池沢勝斗
オープニングアニメーション,絵コンテ・演出: たつき、作画監督: 伊佐佳久、美術: 白水優子
エンディングテーマ,「ぼくのフレンド」みゆはん、作詞・作曲: みゆはん、編曲: R_Men_Soul
挿入歌,「大空ドリーマー」PPP、作詞・作編曲: halyosy
番組宣伝,大城博章、志村麻奈貴、飯塚彩、矢崎潤、津末達也
宣伝協力,少年エース
取材協力,東武動物公園、夢見ヶ崎動物公園
プランニングマネージャー,石本順也
タイトルロゴデザイン,米田龍平
制作進行,影近直樹
コンテ・演出,たつき
製作,けものフレンズプロジェクトA
アライグマ,フェネックは、なんであの暑さが平気なのだ…。
フェネック,わたしの大きい耳も、熱を逃がすのさー。
スナネコ,ぼくんちの奥に、こんなおもしろ場所が。
ツチノコ,また面倒なやつらが…。
スナネコ,通ったよ。
フェネック,おー。 やっぱりー。
ツチノコ,ラッキービーストが、反応してたなー。
アライグマ,それ、それなのだ。 アライさんにも、聞かせるのだー。 
スナネコ,それって…。
ツチノコ,うわっ！
プリンセス,今週は、フクロウについて予習するわよ。 驚くと体を細くし、枝に擬態するらしいわよ。
フルル,枝に擬態？
コウテイ,枝に擬態？
イワビー,どゆこと？
コウテイ,枝になるのか。
イワビー,みんな限界まで細くなってみよう今。 せーの！
プリンセス,次回、じゃぱりとしょかん。
ライオン,ヒト？
ヘラジカ,ハシビロコウ、この子がなんの動物か、わかるのか？
ハシビロコウ,ヒト、のような気がする。 わたしも噂で聞いただけで、詳しく知らないんだけど。
ハシビロコウ,あなたみたいに不思議なことたくさん閃いて、とても器用な子らしいよ。
かばん,ヒト…。
ライオン,ヒトってー、どんな、動物なの？ 見た目は？ 爪とか牙とか？
ハシビロコウ,見た目はわからない。 でも、頭がよくて、いろんなこと知ってて、いろんな物使ったり作ったり…。
サーバル,どう？ 何か、ピンとくる？
かばん,うーん…まだ、ちょっと…。
サーバル,どこのちほーにいるんだろう。 そこまでいきたいんだ。
ライオン,どこにいるんだろー。 誰か、聞いたことあるか？
ヘラジカ,誰も知らないのか…。 うーん。
かばん,…。
サーバル,かばんちゃん。
かばん,あっ？
サーバル,よかったね。 あとは、ヒトが住んでるところ、探すだけだね。
かばん,うん！
ライオン,それこそ、図書館で聞いたらどうだ？
ヘラジカ,図書館は、しんりんちほーに入って、2番めの分かれ道を右だ。 分かれ道に注意してな。
サーバル,うん。
かばん,ありがとうございます。
サーバル,ハシビロちゃんもすっごく参考になったよ。 ありがとう。 でも、なんでずっと黙ってたの？ むちゃくちゃ怖かったよー。
ハシビロコウ,わたし、つい、じっと見て、こう、機を伺っちゃうんだよね。
サーバル,そうなんだ。 てっきり、怒られてるのかと思ったよー。
ハシビロコウ,ごめんね、ほんとは、もっと気軽にお喋りしたいの。 あまり黙りこんでると、かわいくないし。
サーバル,やっぱり、怖いよ！
ハシビロコウ,ひどーい！
サーバル,はーあ。 今度のちほーは大変だったねー。
かばん,ぼくも、まさか戦ったりするなんて。
サーバル,でも、これで図書館にいけるね。
かばん,うん！
サーバル,かばんちゃんは、どんなところに住んでた子なのかなあ。 楽しみだなあ。
かばん,なんか、すごく暗いところだったり、寒いところだったらごめんね。
サーバル,わたし、暗いところも見えるから大丈夫。 寒いところは…入口までだけにしようかな。
かばん,ひどーいよー。
原作,けものフレンズプロジェクト
コンセプトデザイン,吉崎観音
企画,廣部琢之、加藤英治、山田昇、柳田一哉、ビンセント・ショーティノ、柴野達夫、池本浩史、梶井斉、寺井禎浩、濱田直樹、長畑克也、武智恒雄
特別協力,竹林昇、宮原亜希子
シリーズ構成,田辺茂範
作画監督,伊佐佳久
美術監督,白水優子
撮影監督,石山智之
音響監督,阿部信行
オープニングテーマ,「ようこそジャパリパークへ」どうぶつビスケッツ×PPP、作詞・作編曲: 大石昌良
音楽,立山秋航
音楽プロデューサー,内田峻
音楽制作,ビクターエンタテインメント
音楽協力,テレビ東京ミュージック
アニメーション プロデューサー,福原慶匡
アニメーション制作,ヤオヨロズ
プロデューサー,細谷伸之、岡本泰幸、清水美佳、福田聡、秋尾浩史、石垣吉彦、工藤大丈、塩田友、和泉勇一、福田順
監督,たつき
製作,けものフレンズプロジェクトA
サーバル,木が、いっぱい。
かばん,日が透き通って、きれいだね。
ラッキービースト,あっ？
サーバル,うん？
かばん,うん？
サーバル,なにこれ？
かばん,右側に、何かあるのかな。
サーバル,せっかくだから、行ってみようよ。
かばん,うん、そうだね。 
ラッキービースト,わかった。
サーバル,わあー。
かばん,奥まで続いてるね。
サーバル,いこういこう。
かばん,うん！
博士,かかった。
助手,かかりましたね。
かばん,ぐねぐねしてるね。
サーバル,わあー。
かばん,わあー。
かばん,お部屋みたいだね。
サーバル,あれ、何かあるよ？
サーバル,なんだろうこれ。
かばん,ラクダは一度に、コップ500杯分の水を飲むことができる。 はいなら右へ、いいえなら左へ進もう。
サーバル,ええっ。 かばんちゃん、急に何言い出すの？
かばん,えっ。 書いてあったから。
サーバル,書いてある？
かばん,うん。 ここに、「もんだい」って文字が。
サーバル,文字。 へー、これ、文字っていうんだ。 かばんちゃん、やっぱりすごいね。
かばん,えっ、そ、そうなのかなあ。
サーバル,たぶん答えははいだよ。 砂漠はとっても暑かったから。
かばん,答えだと思う方に進むってことなのかな。
サーバル,じゃあ、右だー！
かばん,ああっ、待って、サーバルちゃん！
かばん,正解！ だって。
サーバル,やった！
かばん,にしても500杯って。
サーバル,気持ちわかるなあ。 砂漠は喉乾くもん。
ラッキービースト,次の問題だよ。
サーバル,うわっ、またある。
かばん,えーっと…ラクダのこぶには水が入っている。 はいなら右、いいえなら左へ。
サーバル,あー、それでたくさんお水飲めるのかー。
かばん,ラクダさんって、こぶがあるの？
サーバル,うん、聞いたことある。
サーバル,じゃあ、こっちだ！
サーバル,あれー？
かばん,ここ、もしかして？
かばん,サーバルちゃん、ここ、最初の場所だよ。
サーバル,えっ、なんでなんで？
かばん,間違えると、ここに戻ってくるってことじゃないかなあ。
サーバル,うみゃー！ 負けないぞー！ もう1回！
サーバル,じゃあ、今度はこっちで！ 
かばん,こぶの中に水が入っているというのは迷信。 本当は…。
サーバル,へーえ、こぶは関係ないんだー。
かばん,代わりに、熱を和らげるんだね。
かばん,あっ、また次の看板。
サーバル,よーし、どんどんいくよー。
サーバル,あーっ、違うかー。
サーバル,やったー！
かばん,やったね。
サーバル,やったー！
かばん,やったー！
サーバル,違うかー…。
かばん,違うかー…。
サーバル,ダメかー…。
かばん,ダメかー…。
サーバル,逆かー…。
かばん,逆かー…。
サーバル,はあ、はあ…。
かばん,はあ、はあ…。
サーバル,なんか、かなり歩いた気がするよ…。
かばん,ほんとだね…。
サーバル,ボス、答え教えてくれない？
かばん,ラッキーさん、喋らないんですね。
ラッキービースト,アトラクション内だからね。 がんばって考えてね。
サーバル,よーし、ここは！ …どっちだろう…かばんちゃん…。
かばん,うう。 これは、はい、じゃないかな。
サーバル,よーし、右でー！
サーバル,うわあー。
かばん,うわあー。
サーバル,なんか明るくて、開けたところだね。
かばん,あれが図書館じゃない？
サーバル,おーっ、すごーい。
サーバル,中におっきな木が見えるよ。 
サーバル,あそこに博士がいるのかな。 ね、行ってみようよ。
サーバル,ううっ。
サーバル,うぎゃ〜〜！
かばん,サーバルちゃん！
サーバル,えっ、なあに…？
博士,どうも。 アフリカオオコノハズクの博士です。
助手,どうも。 助手のワシミミズクです。
かばん,あ、どうも、かばんです。
サーバル,えー。 どこから出てきたの。 全然音がしなかったよ。
助手,われわれ、音を立てずに飛ぶなど朝飯前なのです。
博士,ここまでたどり着いた子は初めてです。 これは期待できるです。
サーバル,初めてなんだー。 やったね。
かばん,あれ…？ 他にも、いろいろ調べたいフレンズさんがたくさん来てるんじゃ？
博士,道路をまっすぐいけば、普通にあそこに着くです。
サーバル,ええー、なにそれ…。
助手,たまに、右側に入った子も、だいたい迷って出てくるのです。
サーバル,引っかかった。 ううう。
助手,博士。 これは期待できますね。
博士,そうですね、助手。 今日こそは、いただきますですよ。
サーバル,それでね、かばんちゃんがなんの動物か教えてほしいんだ。 図書館に来れば教えてもらえるんでしょう？
助手,楽勝です。
博士,ですので、教えてほしければ、料理するのです。
かばん,料理？
サーバル,料理？
博士,料理というのは、食材を組み合わせ、加工し、違う形で味わえるようにしたものです。
助手,なのです。
サーバル,そんなの、ジャパリまんでいいじゃない。 おいしいよ？
博士,食べ飽きたのです。 確かにジャパリまんは、各個体向けに栄養ばっちりで、お腹も満たされますが。 われわれはグルメなので。
助手,せっかくこの体になったので、この体でしか食べられないものを食べたいのです。
助手,それに、頭を使うには、エネルギーを使うのです。 われわれは賢いので。
博士,料理がないと、思い出せないかもしれないのです。 われわれは賢いので。
サーバル,そうなの？
博士,さあ、われわれを満足させてみるのです。
助手,やるですか？ やらないですか？
サーバル,楽しそー！ やるよー！
かばん,う、うん。
かばん,うわあー。
サーバル,うわあー。
助手,ここで、料理について調べてもいいのです。
博士,クイズの森を突破できたということは、文字が読めるということ。 調べながら、食材を使って作るのです。
かばん,ううん…？
サーバル,ううん…？
博士,それでは、スタートです。
サーバル,えっ。
かばん,ええっ？
博士,この砂がなくなるまでに料理して、われわれが美味しいといえば、お前がなんの動物か教えてあげるのです。
助手,ついでに、副賞も付けるですよ。
サーバル,よーし、やるぞー！
かばん,うん！
かばん,うーん…。
サーバル,わかりそう？
かばん,うーん。 食材によってできる料理が違うんだって。
サーバル,じゃあ、まず何があるか見てみようっか。
サーバル,うわー、いっぱいあるね。
かばん,食材って、どこから持ってきたんですか？
助手,ジャパリまんの原料を作る畑があるのですよ。 そこからちょいです。
博士,ちょいちょいです。
サーバル,このままでも、はむ、食べられるんじゃないの？
助手,なんらかの手が入って、初めて料理なのです。
博士,手が入っていないものなど、われわれなんのおもしろみもないのですよ。
サーバル,大変だねえ。 なんでそんなことするんだろう。
かばん,ここにあるもので、しかも簡単なもの…。 これがいいんじゃないかな？
サーバル,なになに？
サーバル,わかった。 何からやればいい？
かばん,えっとね、まずは…。
助手,完璧に文字を読んでいる。 あれはやはり、ヒトですよ。
博士,ヒトならきっと、料理を完成させるに違いないです。 じゅるり。
助手,ついにわれわれも、料理が食べられるのですね。 じゅるり。
サーバル,えっ、今ヒトって言わなかった？
助手,さあ、なんのことかわからないですねー。
博士,料理を食べたら思い出すかもしれません。 さっさと作るのです。
かばん,あのー、お鍋っていうのが必要らしいんですが。
博士,よし、来たです。
助手,付いてくるです。
博士,ここを使うといいのです。
助手,ラッキービーストらによって、たまに手入れされているようなので、使えるです。
サーバル,うわあー。 なにここー。
かばん,うーん。 あっ。 
サーバル,これを、どうするの？
かばん,材料と水を火にかけて、煮る、らしいんだけど。 火ってありますか？
博士,いいとこまで来てるですねえ。
助手,やりますね。
博士,火はおいそれと渡せないのです。 自分で調べるのです。
かばん,ちょっと、調べながら考えてみる。 その間にサーバルちゃん、これを切っておいてもらえる？
サーバル,うん？
サーバル,えっとー、ええっとー。
サーバル,みゃみゃみゃみゃみゃみゃみゃみゃー！
助手,やるですね。 ようやく役に立ったのです。
博士,カット役なのです。
サーバル,よーし、切るぞー！
かばん,うーん…。 どれもちょっと大変そうだなあ。 道具とか力とか…。 この、木を使うやつがいいかなあ。
サーバル,みゃみゃみゃみゃみゃみゃみゃ、みゃー！
かばん,サーバルちゃん、お待たせ。
サーバル,うん？
かばん,うわっ、たくさん切ったね、ありがとう！
サーバル,ふっふーん！
かばん,そうしたら、これを鍋に入れて、
かばん,水を用意して、
かばん,次はこれを、火で煮るんだって。
サーバル,そうだ、火って見つかった？
博士,そうです、そこで火です。
助手,手に入れてみるのです。
かばん,これで、やってみようかと。 
かばん,こうして地面に置いて、日当たりのいい場所で、
サーバル,キラキラしてるね！
助手,うわあ。
博士,うわあ。
サーバル,うわあ。
かばん,これを木屑に移しながら、だんだん大きい木に…。 
かばん,これで「煮る」ができると思いま…あ、あれ？
かばん,みなさん、なんで後ろの方に？
助手,いや…。
博士,なんか…。
サーバル,なんか怖い…。
かばん,中火で、まず具材を炒めて、香辛料を入れて、用意しておいたお米もここで…。
かばん,火は、だんだん強くしていって、最後はおとなしめに。
かばん,できたら、火を落として、しばらく寝かせます。
かばん,お米と一緒によそったら…。
助手,はあ〜〜。
博士,はあ〜〜。
かばん,完成です！
博士,改めて、ルールを説明するです。
助手,われわれどちらかが美味いと言ったら合格、お前がなんの動物か教えるのです。
博士,では、
助手,さっそく。
博士,しかし、よく見ると、おどろおどろしい見た目なのです。
助手,これで、合っているのですか？
かばん,あ、はい、たぶん。
かばん,あっ、その道具を使って食べるんだそうですよ。 熱いですし。
サーバル,博士達、ほんとに料理詳しいの？
博士,あ、あ、当たり前です。
助手,あなた達を試したのですよ。
博士,からい！
助手,からいのです！
博士,なんですかこれは、食べて大丈夫なのですか！？
助手,水を飲むのです！
博士,これはダメですね。
助手,ダメなのです。
博士,これでは、なんの動物か教えられないのです。
サーバル,えーっ？
かばん,そうですか…。
サーバル,こんなにがんばって作ったのに、いいじゃない！
博士,ダメですね、食べられたもんじゃないのです。
助手,ダメですね、われわれが満足できるまで頑張るのです。
博士,だいたいこれ、食べ物なのですか？
助手,こんなに刺激が強いなんて…。
サーバル,食べてるじゃん！
博士,これは…なぜか…やめられないのです。
助手,病み付きです。 これが…料理ですか…。
かばん,あはっ。
サーバル,あはっ。
助手,合格、です。
博士,教えてやるので、おかわりをよこすのです。
サーバル,さあ、もうお腹いっぱいでしょ。 早く教えてよ。
博士,わかりました。
博士,あなたは…。
博士,ヒトです。
サーバル,そうかー。 やっぱり、ハシビロちゃんの言うとおりだったね。
かばん,うん。
博士,驚かれなかったのです。
助手,ここで、だいたいみんな感動するのです。
サーバル,じゃあさ、ヒトについて、詳しく教えて。
博士,わかったのです。 目立つ特徴としては、二足歩行、コミュニケーション能力、学習能力などがありますが、多様性があり、一言で言いにくい、とても変わった動物です。
助手,群れる、長距離移動ができる、投擲ができる、それなりの大型。 いろいろと特徴がありますが、われわれが大変興味深いのは、道具を作る、使うことです。
助手,このパークにある様々な遺物は、全てヒトが作ったとされています。
サーバル,へえー。 でも、ちょっとだけフレンズと似てるね。
博士,当然です。 われわれフレンズは、動物がヒト化したものと言われているのですよ。
助手,実感は湧きましたか？
かばん,どうでしょうか…。
サーバル,よかったね。 これでなんの動物かわかったから、あとはヒトが住んでいるところまでいこうよ。
サーバル,ねえ博士、ヒトってパークのどこによくいるの？
助手,ヒトはもう、いないのです。
博士,ヒトはもう、絶滅したのです。
かばん,絶滅…？ 
博士,ある日を境に、いなくなったのです。
サーバル,どうして？
助手,ここに住めなかった、ということか。
博士,もしくは、わたし達の知らないところに今もいるのか…。
サーバル,じゃあ、そこを見つけることだね。
助手,いずれにせよ、ヒトに適したちほーにいくのがよいのです。
博士,合わないちほーでの暮らしは、寿命を縮めるのです。
博士,あとひとつ、ヒトの近くには…。
サーバル,そうだ、副賞に何かくれるって言ってたよね。 なになに？
助手,話題騒然、今どこに行っても手に入らない、PPP復活祭のチケット。 しかもVIP待遇で、握手付きです。
助手,と、これも。 
かばん,PPP…？ あと、これって…。
サーバル,おお、すっごーい。 PPPが見られるんだ。
かばん,うん…？
サーバル,えっとね、アイドルって言って、踊ったり歌ったり、なんかすごいんだって。
かばん,もらっちゃっていいんですか？
助手,われわれの頭脳で、運営を手伝ったお礼にもらったのです。
博士,われわれ、騒がしいのは、あまり得意ではないので、あげるのです。
助手,いやー…。 初めて料理が食べられたのです。
博士,満足なのです。
サーバル,えっ？ 他の子って、どうやって教えてもらってるの？
博士,普通に教えてあげるのです。
サーバル,えーっ！？
助手,あそこを通ってくる、文字が読める子なので、料理させたのです。
博士,満腹、満足です。
サーバル,じゃーねー。
かばん,ありがとうございましたー。
博士,かばん。 ヒトの近くには、なぜかセルリアンがよくいたそうです。
助手,道中気を付けるのですよ。
かばん,えっ。
サーバル,大丈夫。 やっつけちゃうから。
助手,サーバルのギャグはいいとして。
サーバル,ギャグじゃないよ！
博士,見かけたら、さっさと逃げることです。 美味しいものを食べてこその、人生なのです。
助手,そして、住処がわかったら、また必ず来るのです。 われわれはおかわりを待っているのですよ。
かばん,はい！
脚本,田辺茂範
作画監督,伊佐佳久
作画,原田優、加藤望、千里紗月、若葉恵、森山文子
美術,白水優子、鈴木凛、後藤律里、田中璃奈
衣装デザイン協力,雪
撮影,石山智之
編集,ヤオヨロズ
ビデオ編集,尾形茂信
編集助手,小林准
編集スタジオ,ビデオテック、海老沢かおる
音響効果,風間結花
録音調整,佐藤敦
録音助手,竹内俊平
録音スタジオ,スタジオインスパイア
音響制作,青二プロダクション
音響制作担当,池田克明、池沢勝斗
オープニングアニメーション,絵コンテ・演出: たつき、作画監督: 伊佐佳久、美術: 白水優子
エンディングテーマ,「ぼくのフレンド」みゆはん、作詞・作曲: みゆはん、編曲: R_Men_Soul
挿入歌,「大空ドリーマー」PPP、作詞・作編曲: halyosy
番組宣伝,大城博章、志村麻奈貴、飯塚彩、矢崎潤、津末達也
宣伝協力,少年エース
取材協力,東武動物公園、いけふくろうカフェ
プランニングマネージャー,石本順也
タイトルロゴデザイン,米田龍平
制作進行,影近直樹
コンテ・演出,たつき
製作,けものフレンズプロジェクトA
フェネック,ほんとにいいお家だねー。
ビーバー,よかったら、泊まっていくといいっすよ。
プレーリー,続きを早く聞かせてであります。
アライグマ,それで、サバンナでその帽子を見つけた時、そこを通ったボスが、なんと喋り出したのだー！
ビーバー,あっ、おれっちも見たっすよ。 ボスが喋るところ。
アライグマ,えーっ！？
プレーリー,アライさんには、なんて言ったでありますか？
アライグマ,えっとー…。 なんだっけフェネック？
フェネック,フレンズやわたし達にとって、とても大事なものが埋設されていることがわかりました。 その場所は…。
イワビー,今週はマーゲイを予習するぜ。 他の動物の鳴き真似をする。
フルル,ものまね！？
プリンセス,ものまね！？
コウテイ,ものまね！？
ジェーン,ものまね！？
プリンセス,じゃあ、ジェーンどうぞ。
ジェーン,マーゲイの鳴き真似。 げぇ〜〜。
コウテイ,そっちなんだ。 マーじゃないんだ。
イワビー,次回、ぺぱぷらいぶ。
サーバル,ここがみずべちほーかー。
かばん,水がいっぱいあるねー。
ラッキービースト,みずべちほーは、水棲の動物がたくさんいるよ。 植物や環境も、水辺にちなんだものが多いよ。
かばん,ライブをやるのって、あそこかなあ？
サーバル,ほんとだ。 フレンズがたくさんいる。
原作,けものフレンズプロジェクト
コンセプトデザイン,吉崎観音
企画,廣部琢之、加藤英治、山田昇、柳田一哉、ビンセント・ショーティノ、柴野達夫、池本浩史、梶井斉、寺井禎浩、濱田直樹、長畑克也、武智恒雄
特別協力,竹林昇、宮原亜希子
シリーズ構成,田辺茂範
作画監督,伊佐佳久
美術監督,白水優子
撮影監督,石山智之
音響監督,阿部信行
オープニングテーマ,「ようこそジャパリパークへ」どうぶつビスケッツ×PPP、作詞・作編曲: 大石昌良
音楽,立山秋航
音楽プロデューサー,内田峻
音楽制作,ビクターエンタテインメント
音楽協力,テレビ東京ミュージック
アニメーション プロデューサー,福原慶匡
アニメーション制作,ヤオヨロズ
プロデューサー,細谷伸之、岡本泰幸、清水美佳、福田聡、秋尾浩史、石垣吉彦、工藤大丈、塩田友、和泉勇一、福田順
監督,たつき
製作,けものフレンズプロジェクトA
サーバル,すっごーい！
かばん,わあー、立派だね。
サーバル,なあにあれなにあれ？ あれがどうなるのかなあ？
かばん,あれが博士達の作った、「ステージ」かなあ？
かばん,すっごいたくさんのフレンズさんだね。
サーバル,PPP大人気だね。
ラッキービースト,あっ。
かばん,わあっ！ ラッキーさんが、もうひとり？
サーバル,そうだよ、ボスってたくさんいるんだよ。 ボス、ふたつもらうね。
サーバル,でも珍しいね、同じ場所にボスがいるなんて。
かばん,そうなんですか？
ラッキービースト,今日はフレンズがたくさんいるからね。
サーバル,でも、これじゃわたし達も見えないよ。 ずっと跳んでるのも大変だし。
サーバル,うーん…。 あっ。 
サーバル,よいしょ。
かばん,ほっ…ふっ…。
サーバル,そうそう、もう一息！
かばん,はあ。
サーバル,上手い上手い。 かばんちゃん、木登り上手くなったね。
かばん,えへへ。
サーバル,見える見える。 ここで見よう。
かばん,特等席だね。
マーゲイ,はあ…はあ…。
マーゲイ,ふう…ふう…。
サーバル,ん？
マーゲイ,うふふふ。 はー、はー、ふふふ。
サーバル,わあっ！ びっくりしたあ。
マーゲイ,ふう…うわあっ！ 何よあんた達、いつの間に。
サーバル,こっちもびっくりしたよー。
かばん,あなたも、PPPを？
マーゲイ,そうよ。 記念すべき初回のイベントを、3代目の立ち上げから見られるなんて。 いい時代に生まれたわ…。 ふへへ、へぇ。
サーバル,早めに来たなら、もっと近くで見れたんじゃない？
マーゲイ,観客ごと見るのが一体感あっていいのよ。 わかってないわね。
かばん,このあと、何があるんですか？
マーゲイ,今日は立ち上げのお披露目と、来週のライブ告知よ。 ペンギンアイドルユニットは、どの世代もすっごい人気なのよ。 そりゃそうよ、あんなかわいい子が、歌って、踊るなんて、人気にならないほうがおかしいわ。 はぁ…。
マーゲイ,実際、今回のライブチケットもすぐなくなっちゃったからね。
サーバル,そうなんだ。 いいものもらっちゃったね。
かばん,よかったね。
マーゲイ,なっ！ そ、それは…ライブ、握手、練習見学付きのPPPプラチナチケットー！ どこでそれを！？
サーバル,ふっふーん。 博士達にもらったんだ。
かばん,あっ、なにか始まるみたいですよ。
かばん,わあー。
サーバル,わあー。
マーゲイ,きゃ〜〜っ！ あははー！ あははー、あはー！
プリンセス,待たせたわね、ロイヤルペンギンのプリンセス！
イワビー,イ、イワトビペンギン、だぜー…の、イワビーだ！
プリンセス,ジェーンの番よ！
ジェーン,あっ！ ジェンツーペンギンの、ジェーンです！ はい！
フルル,フルルー！
プリンセス,な、何ペンギンか言うのよ！
フルル,フンボルトペンギン！
コウテイ,コウテイペンギン、コウテイだ！
PPP,5人揃って！
PPP,ペパプ！ 
PPP,はぁ…。
イワビー,うわー、緊張したー、ダメだー！
ジェーン,もっと、テンポよくお話できればよかったのですが。
イワビー,お客さんがいると、空気が全然違うぜ。
ジェーン,全然いつもどおり話せなかったです。
プリンセス,だらしないわねえ。 あんなにお客さんが見てくれてるのよ。 楽しんでこその、アイドルじゃない。 ほら、コウテイを見習いなさい。
コウテイ,…。 
ロイヤル,気絶してる。
ジェーン,気絶してる。
イワビー,気絶してる。
フルル,ねーねー。
ロイヤル,うん？
ジェーン,うん？
イワビー,うん？
フルル,さっきの丸い石、卵みたいだったよねー。 かわいー。
ロイヤル,う、うん…。
ジェーン,う、うん…。
イワビー,う、うん…。
ジェーン,でも、やっとここまで来ましたね。
イワビー,どうであれ、初めてお客さんの前に出たぜ。
コウテイ,そうだな、あの日からだいたい1年か。
ジェーン,まさか自分達が、伝説のペンギンアイドルをやるだなんて。
イワビー,でも、歌って踊るのは、すっげえ楽しかったけどな。
フルル,一緒に踊るの好きー。
プリンセス,まだまだよ。 初代も2代目も、その名はパーク中に響き渡ってたんだから。
プリンセス,本番までばんばん練習して、わたし達も伝説になるわよ。
PPP,おー！
ジェーン,あああっ！
プリンセス,ダメダメ、全然ダメ。 ジェーンは「泣いたり笑ったり」のところ、あやふやになってるから、ちゃんと覚えなさい。
ジェーン,うう…。 はい。
プリンセス,フルルはマイペース過ぎ。 もっとクイックに。 イワビーは飛ばし過ぎよ。 もうちょと他の子見なさい。
イワビー,はーい。
フルル,はーい。
プリンセス,なにしろみんな硬いわ。 アイドルが苦しそうにしてちゃ、絵にならないでしょ。 完璧にやろうとして、ぎこちなくなってるから、もっといきいき踊りなさい。
イワビー,楽しいんだけどさー、アイドルするのが難しいぜ。
ジェーン,踊るだけでも大変ですもんね。 さらに可愛らしく華やかに…。
コウテイ,初代のコウテイ、踊りもすごく凛々しかったんだろう？ わたしに務まるだろうか…。
コウテイ,それに、リーダーだなんて。 プリンセスがやったほうがよくないか？
プリンセス,あなたはリーダーらしく、ドンとしておくほうがいいのよ。
プリンセス,その分、わたしが華をやるから、 
プリンセス,任せときなさい。
コウテイ,プリンセスはすごいな、振り付けも完璧だし、いきいき踊る。
ジェーン,歌声も、とっても素敵です。
イワビー,よーし、もういっちょ練習するかー！
サーバル,ねーねー。
PPP,ん？
プリンセス,はーい。
サーバル,PPPのスペシャル練習見学って、ここ？
ジェーン,あっ。 博士の知り合い？
コウテイ,どうぞ。 博士にはライブの準備で、お世話になったからね。
サーバル,わーい！ はじめまして、わたしはサーバル。
プリンセス,プリンセスよ。 ようこそ、じっくり見ていくといいわ。
イワビー,ん？ なんだ？ 他にもいるのか？
サーバル,マーゲイ、入りなよ。
マーゲイ,ちょ、ちょっと待って…。 直に話せるなんて、緊張して…。 あっ、いい匂いがする…。
マーゲイ,あっ！
マーゲイ,か、わ、い、い…。 
サーバル,うわっ！
かばん,マーゲイさん！
マーゲイ,えへへ…へへへ…へぇ…はぁ…あはは…。
プリンセス,ダメダメ、またずれてきてるわよ。 ここ盛り上がりだから、びしっと合わせなきゃ。
イワビー,
ジェーン,
コウテイ,
フルル,
ジェーン,少し、よくなってきましたね。
イワビー,でもお客さんの前だと、緊張すんだよなー。
コウテイ,みんな、先代のクオリティを、期待してるだろうからな。
イワビー,そういうこと言うなよ、怖くなってくるだろ。
ジェーン,そうですよ、自分で言って自分で固まらないでください。
フルル,誰かジャパリまん持ってなーい？
プリンセス,まったく、この子は緊張から程遠いわね…。
マーゲイ,ふあー…。 生の掛け合い…ふー、はー。
サーバル,仲よしだね。
かばん,歌も踊りも、とっても素敵です。
プリンセス,どうだった？
サーバル,すっごくよかったよ！
かばん,はい！
マーゲイ,最高、最高です！
マーゲイ,イワビーさんの天性の勢い感、ザ・イワトビポジション！ まさに、「ロックだぜ」！
マーゲイ,ジェーンさんの正統派アイドル感、溢れ出るチームの良識、「がんばります」感がたまりません！
マーゲイ,コウテイさんの、「わたしがリーダーでいいのだろうか…」感！ 初代とはまた違った趣が。 追っかけ心をくすぐります！
マーゲイ,「フルルー」、さんの天然さは、これこそアイドルに必須！ 癒やされますー。
マーゲイ,なんと言っても、それらの支柱にプリンセスさん！ アイドルの概念をパークに復活させるべく、「ゼロからの努力、熱意、練習量」。 骨太…まさに、骨密度の高いペンギンの…！ …あっ。
プリンセス,あなた、何者？ それに、声まで。
マーゲイ,アイドル大好きですから。 
PPP,わー！ すごーい！
ラッキービースト,マーゲイは、動物を引き寄せるために、声真似をするんだって。
かばん,すごいですね。 どっちが話してるか、わからなかったです。
コウテイ,あなた、先代を知ってるの？
マーゲイ,わたしも図書館を始め、他でもいろいろ調べまして。 どの代も、カッコ可愛いですよね…たまらないでしゅ…。
ジェーン,わたしって、ちゃんとジェーンできてますかねえ…？
マーゲイ,大丈夫ですよ。 頑張り屋さんなところがぐっと来ます。
イワビー,初代イワビーって、どんなだった？
マーゲイ,イワビーさんは、あんまり変わらないんじゃないですかね。 いい感じです！
イワビー,おっしゃあ！
コウテイ,わたしはどうだろうか？
フルル,フルルはー？
プリンセス,はいはい！ 練習続けるわよ。 本番が、迫ってるんだから。 このままどんどん上げていくわよ。
PPP,おー！
ジェーン,お客さんぎっしりですよ。
フルル,は〜〜…。
プリンセス,気合入れていくわよ！ 歌い出しのタイミングだけきれいに、サビは周りの子をちゃんと見て。
コウテイ,わかった。
イワビー,よし、今日はいけそうだぜ！
フルル,は〜〜い…。
ジェーン,今！？
プリンセス,この子にはかなわないわね。
マーゲイ,いいですねー…。 こうして並ぶと、4人の時よりボリュームがあって。 プリンセスさん、センターって感じが実にアイドルです。
ジェーン,4人？
サーバル,前は4人だったの？
マーゲイ,そうです。 PPPは初代は4人、2代目は3人、3代目が5人なんですよ。
サーバル,じゃあパワーアップだね！
ジェーン,えっ？ 初代から5人じゃないんですか？
コウテイ,確か、そのはずだが。
イワビー,だよなー？ プリンセス。
プリンセス,もう、本番よ…早く、準備しましょう。
コウテイ,どうした？ 調子悪いのか？
プリンセス,…。
イワビー,気になるじゃねえか。 聞かせてくれよ。
プリンセス,いいったら。 それより振り付けの確認なさいよ。
イワビー,うっ…なんだよ。
プリンセス,ジェーンも今のうちに歌詞の復習。 ほら、フルルも食べるのやめなさい。 それじゃ満足にイベントできないわよ。
ジェーン,プリンセスさんどうしました？ 何か、変ですよ？
コウテイ,落ち着いていこう？
イワビー,お前もしかして、先代の時いなかったとか？ それを、気にしてんのか？
プリンセス,歌って踊れるだけ、あなた達よりいいわ。
ジェーン,プリンセスさん…。
プリンセス,勝手にして。
イワビー,なんだよ、あいつ。
マーゲイ,すみません…！ わたし…。
コウテイ,マーゲイさんは、悪くないよ。
ジェーン,どうしましょう。 もう出なくちゃお客さんが。
コウテイ,追いかけよう。
イワビー,ほっとけよ。 勝手にしろって、言われたじゃねえか。
サーバル,あっ、いた！
かばん,マーゲイさんの言ったとおりだ…。
サーバル,プリンセス。
かばん,早く、戻りましょう。 みなさん、待ってますよ。
プリンセス,あっ。
サーバル,早く戻ろう。 お客さんは待ってくれるって。
プリンセス,ごめんなさい、ゲストのあなた達に、こんなことさせて。
かばん,そんな。 どうしたんですか…？
プリンセス,いいの、もう。
プリンセス,舞台も、怖いから。
サーバル,どうしたの？ プリンセスらしくないよ。
プリンセス,最初から、ずっとこうよ。 今までいなかったロイヤルペンギンが、お客さんに、どう思われるか。
プリンセス,それが怖いから、あの子達を無理に巻き込んだの。
かばん,でも、だから練習頑張ってたんですよね。 マーゲイさんから聞きましたよ。
かばん,立ち上げた時から、プリンセスさんが人一倍練習して、
かばん,みんなを引っ張ってきたって。
プリンセス,う…。
サーバル,とりあえずいこう。 みんな待ってるよ。 
プリンセス,離して。 そんなあの子達にわたし、ひどいこと言っちゃった。 合わせる顔がない。
プリンセス,あの子達なら4人で大丈夫よ。 全員ちゃんとアイドルしてるもの。
サーバル,それ、4人が聞いたらきっと喜ぶよ。 ちゃんと言ってあげよう。
イワビー,わあー、すっげー人だなー。
フルル,いっぱーい。
イワビー,いやー、始まったなー。
コウテイ,改めて、いきさつを話しておくか。
ジェーン,みんな、あの子に声かけられたんだよね。
フルル,びっくりしたよー。 ごはんの最中だったから。
コウテイ,わたしなんて、いきなり「あなたリーダーやりなさい」、だぞ。
イワビー,あいつ、毎度いきなりで、偉そうなんだよー。
プリンセス,ほら、大丈夫よ。
プリンセス,やっぱりみんな、いやいや付き合ってくれてたんだ。
ジェーン,でもね、やってみたら、踊るのも歌うのもすごく楽しかったの。
イワビー,人前で踊るのもな。
コウテイ,プリンセスのおかげだ。
ジェーン,マーゲイから聞いたよ。 こうしてイベントができるように、何度も博士に頼み込んだって。
ジェーン,振り付けや曲について、遅くまで調べたり。 わたし達に教えるために、練習したって。
プリンセス,あっ。
フルル,プリンセス抜きじゃ始まらないよ。
コウテイ,初代を超えるなら、新メンバーぐらい入れないとな。
イワビー,見てんだろ？ さっさといくぜー！
プリンセス,あっ。 …。
マーゲイ,プリンセスの声真似: 見てらんないわね、下手っぴすぎて。
プリンセス,あっ？
マーゲイ,プリンセスの声真似: やっぱりわたしがいないと。 
かばん,プリンセスさん。
サーバル,出番だよ。 
プリンセス,うわあっ！
マーゲイ,プリンセスの声真似: ダメみたいね。
マーゲイ,プリンセスの声真似: ほんっとコウテイは、動きが硬いし、ジェーンは本番に弱いし。
マーゲイ,プリンセスの声真似: イワビーはテンポが先走るし、フルルは何考えてるかわかんないし。
マーゲイ,でも！
プリンセス,でも！
プリンセス,なんだか、いい感じ！ 1曲めいくわよ。
プリンセス,大空ドリーマー！
イワビー,にしても、ちょっと溜め過ぎなんじゃねーの？
プリンセス,え、演出よ演出。 盛り上がったでしょう？
コウテイ,うむ。 やはり5人でこそ、しっくり来るな。
ジェーン,わたし達はこの人数でこそですよ。
フルル,えっ、ペンギンアイドルってずっと5人だったんじゃないの？
イワビー,う、うーん…。
コウテイ,う、うーん…。
ジェーン,う、うーん…。
プリンセス,う、うーん…。
イワビー,今かよ。
フルル,えっ。
ジェーン,フルルさん、さっき聞いてなかったんですか？
コウテイ,フルルらしいな。
フルル,えー。 えーっ。
プリンセス,らしいわ。 あははは。
プリンセス,じゃあ、次の曲、「ようこそジャパリパークへ」！
イワビー,いやー、踊った踊ったー。
ジェーン,緊張しましたー。
コウテイ,反応もよかったな。
サーバル,お疲れさまー。
マーゲイ,すっごくよかったですよ。
かばん,ですよねー。 しっぽがぴょこぴょこしてて。
プリンセス,こほん。 あなた達も、ありがとう。 それから、マーゲイ！
マーゲイ,は、はい！
プリンセス,あなた、わたし達のマネージャーなさい。 というか、決定よ！
マーゲイ,はーっ、ぜひ！
イワビー,次は、海の近くでライブがしたいぜ。
マーゲイ,それなら、泳ぎもパフォーマンスに！
サーバル,海？
イワビー,知らないのか？ パークの周りは、ぜーんぶ海なんだぞ。
サーバル,そうなんだー。
フルル,そうなんだー。
イワビー,いや、お前は知ってるだろ！
コウテイ,ヒトの住んでたところを探してるんだって？
ジェーン,ヒトって、どんな動物なんですか？
プリンセス,確か最後、港で目撃されたのよね。
かばん,えっ、そうなんですか？
プリンセス,えっ、でも、相当昔よ。 もういないでしょう。
コウテイ,なんでヒトを探してるんだ？
かばん,ぼくも、ヒトらしくって。 ヒトの住んでたちほーを探してるんです。
ジェーン,縄張りが思い出せないなんて、大変ですね。
かばん,いえ、ヒントが見つかりました。 港に行ってみます！
コウテイ,がんばってね。 きっと何か見つかるよ。
かばん,はい！
ジェーン,そう言えばコウテイさん、生まれ故郷まで200km歩くんでしたっけ。
コウテイ,そうだよ。 さらに100日絶食したり、我ながら困難な生き方してたよ…。
プリンセス,コウテイ、そういうの好きだもの。
フルル,そういうの、マゾって言うんだよね。
イワビー,なーんでお前はそういうのだけ詳しいんだ？
脚本,田辺茂範
作画監督,伊佐佳久
作画,原田優、加藤望、千里紗月、若葉恵、森山文子
美術,白水優子、鈴木凛、後藤律里、田中璃奈
衣装デザイン協力,雪
撮影,石山智之
編集,ヤオヨロズ
ビデオ編集,尾形茂信
編集助手,小林准
編集スタジオ,ビデオテック、海老沢かおる
音響効果,風間結花
録音調整,佐藤敦
録音助手,竹内俊平
録音スタジオ,スタジオインスパイア
音響制作,青二プロダクション
音響制作担当,池田克明、池沢勝斗
オープニングアニメーション,絵コンテ・演出: たつき、作画監督: 伊佐佳久、美術: 白水優子
エンディングテーマ,「ぼくのフレンド」みゆはん、作詞・作曲: みゆはん、編曲: R_Men_Soul
挿入歌,「大空ドリーマー」PPP、作詞・作編曲: halyosy
番組宣伝,大城博章、志村麻奈貴、飯塚彩、矢崎潤、津末達也
宣伝協力,少年エース
取材協力,The Belize zoo、雷神inc.、Tiny、Kimi Tang、名古屋港水族館
プランニングマネージャー,石本順也
タイトルロゴデザイン,米田龍平
制作進行,影近直樹
コンテ・演出,たつき
製作,けものフレンズプロジェクトA
ライオン,パース！ 蹴って蹴って！
アライグマ,なに！？
アライグマ,よくわからないが、まかせ…。 
アライグマ,ぐえー！
フェネック,はーい、よっと！ 
ライオン,やったー！
ヘラジカ,おい待て、反則だろ。
アライグマ,つまり、そいつは帽子泥棒なのだ！
ヘラジカ,うーん。 見えんな。
ライオン,そんな子じゃないねー。
アライグマ,あんな巨悪を許しては、パークの危機なのだ！
ハシビロコウ,勘違いじゃあ…？
フェネック,たぶん、勘違いなんだけどねー。
アライグマ,フェネックまでー！
ジェーン,今週は、キタキツネを予習しましょう。 寝たふりをして獲物を狩る、らしいですよ。
イワビー,PPPの中で、嘘が上手いのって誰だ？
コウテイ,わたしは知っている、フルルが上手いぞ。
イワビー,えー！ そうなのー？
プリンセス,えー！ そうなのー？
ジェーン,次回、ゆきやまちほー。
サーバル,わたし、先走っちゃった。 本物の海に、入りたかったな…。
かばん,サーバルちゃん？ 大丈夫？
サーバル,わたしの旅は、ここまでみたい。 あっ。 
かばん,あっ！ サーバルちゃん！
かばん,どうして…どうしてこんなことに…。
原作,けものフレンズプロジェクト
コンセプトデザイン,吉崎観音
企画,廣部琢之、加藤英治、山田昇、柳田一哉、ビンセント・ショーティノ、柴野達夫、池本浩史、梶井斉、寺井禎浩、濱田直樹、長畑克也、武智恒雄
特別協力,竹林昇、宮原亜希子
シリーズ構成,田辺茂範
作画監督,伊佐佳久
美術監督,白水優子
撮影監督,石山智之
音響監督,阿部信行
オープニングテーマ,「ようこそジャパリパークへ」どうぶつビスケッツ×PPP、作詞・作編曲: 大石昌良
音楽,立山秋航
音楽プロデューサー,内田峻
音楽制作,ビクターエンタテインメント
音楽協力,テレビ東京ミュージック
アニメーション プロデューサー,福原慶匡
アニメーション制作,ヤオヨロズ
プロデューサー,細谷伸之、岡本泰幸、清水美佳、福田聡、秋尾浩史、石垣吉彦、工藤大丈、塩田友、和泉勇一、福田順
監督,たつき
製作,けものフレンズプロジェクトA
かばん,おおー！
サーバル,おおー！
ラッキービースト,これからここを越えるよ。
サーバル,うおー！
かばん,寒そうだね。
ラッキービースト,越えた先には温泉があるよ。
かばん,おんせん…？
ラッキービースト,温かいお湯に入れるところだよ。
サーバル,なにそれなにそれ。 楽しみだなー！
ラッキービースト,通り道には、樹氷なんかもあるよ。 かまくらも作ろうか。 ゴールは温泉だね。
かばん,はー！ なんだか楽しそう。
サーバル,雪山ガイドだね。 レッツゴー！
サーバル,ボスー、またー？
かばん,なるほど、雪って、滑りやすいんだね。
ラッキービースト,ちょっと待ってね。
サーバル,おおー…。
かばん,おおー…。
サーバル,わーい！ すいすいいくね。 これなら、走り放題だよ。
ラッキービースト,ゆきやまちほーは、冷帯・寒帯の気候になるよ。 樹木が見られる、ぎりぎりの温度だね。 寒いのに強い針葉樹林がほとんどだよ。 この辺りは降水量もあるから、雪がたくさんあるね。
サーバル,わたし、雪って初めて！ 触ってみたい！
かばん,わあっ、触ってみたいね！
ラッキービースト,わかった。 
サーバル,うわ〜〜。 
サーバル,あっ。 冷たっ。
サーバル,わぁー！ 冷たい、冷たい！
かばん,不思議…。
サーバル,わーい！ 
かばん,あはは、きれいだね。
サーバル,おおっ？
サーバル,あそこの白いのは何？
かばん,ほんとだ。
ラッキービースト,あれは源泉だね。 あそこで出たお湯を、麓の温泉まで引いてるんだよ。
かばん,おゆ？
サーバル,なにそれなにそれ。 見てみたい！
ラッキービースト,ちょっと見ていこうか。
サーバル,真っ白だね。
かばん,この辺にも、動物いるのかなあ。
ラッキービースト,雪山にも動物はいるよ。 雪と似た白い保護色の動物が多いから、見つかりにくいかもしれないね。 寒いところで暮らすために、長い体毛の動物が多いよ。
かばん,そういえば、ちょっと寒いね。
かばん,あと、天気が。 大丈夫かな…。
サーバル,大丈夫だよ。 ちょっとお湯を見るだけだし。 楽しみだね！
サーバル,こんなに天気が変わるなんて、前が見えないよ。
かばん,どうしよう、ラッキーさんも、固まっちゃってるし。
サーバル,こんなに寒いところ、初めて来たよ。 体も冷えてきたね。
かばん,そ、そうだね。 うーん…。
かばん,ああっ。 サーバルちゃん、さっき聞いた、あれを作ろう。
サーバル,ああ？
かばん,できた！
サーバル,おおー！
かばん,ここで様子見よう。
サーバル,すごーい！ なんで…？
かばん,さっき、雪を握ったら固まったから、こういうこともできないかなって。
サーバル,かばんちゃん、ほんとにいろんなことに気付くよね。
サーバル,風が当たらないだけで、だいぶあったかいよ。
かばん,よかった。
サーバル,止まないね。
かばん,うん…。
キタキツネ,そこから聞こえる。 うん、そこ。
ギンギツネ,ここね、わかった。
かばん,わぁー！ 食べないでくださいー！
ギンギツネ,わー！ いっぱいいるー！
ギンギツネ,わたしは、ギンギツネ。
ギンギツネ,こっちの子が、キタキツネ。
キタキツネ,よろしく…。
ギンギツネ,この子が、何か聞こえるって言うから、覗いたの。 不思議なもの作るのね。
サーバル,こっちこそ、びっくりしたよ。
かばん,いきなり顔が出てくるなんて。
ギンギツネ,わたし達キツネは、ああやって獲物を狩るのよ。
ギンギツネ,雪の中にいる獲物の音を聞いて、目星をつけたら、ジャンプ！ して、顔を突っ込むのよ。
キタキツネ,違うよ、磁場を感じるんだよ。
ギンギツネ,また訳のわからないことを…。 あなた達は？ なぜここに？
サーバル,お湯を見にいこうと思って。
ギンギツネ,それでこんなところまで？ とても雪に暮らす動物に見えないけど。
かばん,はい…寒いです…。
ギンギツネ,寒さを舐めてると死んじゃうわよ！
ギンギツネ,しょうがないわね…これ、持ってなさい。
かばん,あっ、あったかい…。 なんですか？ これ。
サーバル,わぁー、ぬくぬくするよ。
キタキツネ,ギンギツネ、ぼくにもちょうだい。
ギンギツネ,あなた毛皮で十分暖かいでしょ？
キタキツネ,お家はもっとぬくぬくしてるもん。 ギンギツネがこんなところまで連れてくるから。
ギンギツネ,あなたが早く治せって言うから、この天気の中来たんじゃないの！
サーバル,仲よしなんだね。 ふたりは、何しにいくの？
ギンギツネ,いつも使ってる装置が、動いてないみたいでね。 様子を見にいく途中なの。
かばん,あっ、そろそろ止んできましたね。
ギンギツネ,じゃあ、いきましょうか！
キタキツネ,ぼくここ気に入った。 ここでダラダラしてたい。
ギンギツネ,あなたねぇ…。
ギンギツネ,結果的に休憩ができてよかったわ。 あなたおもしろいもの作るのね。
かばん,あっ。 えへへ。
ギンギツネ,あなた達、お湯を見た後はどこにいくの？
サーバル,わたし達、港に向かってるんだ。
かばん,麓のおんせん？ に立ち寄ろうって話してたんですけど。
ギンギツネ,ああ、わたし達そこから来たのよ。 じゃあ帰り一緒にいきましょうか。
かばん,すごい色…。
かばん,そして不思議な匂いですね。
かばん,
サーバル,お〜？
サーバル,あ〜〜！ あそこ！ なにか出てるよ！
サーバル,あっ。 わたし、わかったよ。
かばん,どうしたの？
サーバル,波打ってて、温かくて、泳げる！
サーバル,これが海なんだよ！
ギンギツネ,違うわ。
キタキツネ,これ、海じゃない。
サーバル,え〜〜！？
サーバル,あっ？ 
サーバル,わぁー、あったかいよ。
かばん,本当？
ギンギツネ,源泉がすぐ近くだからね。
サーバル,これ、入ったらすごく気持ちいいんじゃ…？
サーバル,うぅ…ええい！
キタキツネ,そっちはただの氷水。
サーバル,うえ〜〜！
かばん,サーバルちゃん！
サーバル,わたし、先走っちゃった。
かばん,どうして…どうしてこんなことに…。 
サーバル,わたしの分まで、海を楽しんでね！
キタキツネ,変な子達だね。
ギンギツネ,足湯があるから、そこで温めるといいわ。
サーバル,うおー！ きもちいいー！
サーバル,すごいよー、これ。 新体験！
かばん,きもちいいね…。 おふたりはいいんですか？
ギンギツネ,わたし達はあとでいいわ。 それよりどうキタキツネ、何かわかる？
キタキツネ,あっちのが、なんか変な感じかも。
ギンギツネ,分離器の方かしらね？
アライグマ,なんかいい匂いがするのだー。
フェネック,というわけで、詳しい場所はわからないけど、山に入りたくってー。
博士,あれは、神聖な場所なのです。
助手,入ってはいけないのです。
アライグマ,え〜〜！？
フェネック,えー。
博士,気になるですね。 これはもしかすると。
助手,もしかして、四神の位置がわかるのでは？
博士,このまま追わせた方がよさそうですね。
助手,ですね。
ギンギツネ,やっぱり、湯の花が詰まってたのね。
ギンギツネ,久々にすごい量ね…。
キタキツネ,湯の花が多い時って、セルリアンも多いよね。
ギンギツネ,またそういう不吉なことを…。
かばん,サーバルちゃん、ここももしかして、アトラクションなのかなあ。
サーバル,えっ？
ミライ,いや〜〜、セルリアンの調査に来て、温泉が見つかるとはー。
ミライ,ふぁ〜〜。
かばん,あっ。
サーバル,あっ。
ミライ,あ…じゃ、なくって。 おほん。
ミライ,昨日の事件を見るに、セルリアンは、サンドスターを奪っている…というか、食べているのではと考えられます。 ですので、万一フレンズさんが食べられた場合、サンドスター由来の技や、個性が消滅、元動物に戻る、消滅してしまう…などありえるのではと。 まだ予測の域ですが。
ミライ,はぁ…、こんなかわいらしいフレンズさん達を脅かすなんて許せません。 なんとしても原因を突きつめないと！
かばん,フレンズさん思いのいい方だね。
サーバル,どんな子なんだろうね。 今どの辺にいるんだろう。
サーバル(祖),ミライさーん、見てみて！ これって、海じゃないの？
ミライ,ええっ？ それは海じゃないですよ。
かばん,ミライさん…。
サーバル,ああっ、今の声…？
ギンギツネ,よし、これで任務完了ね。 ついでに温泉も元通りよ。
サーバル,うわー、すごい量だねー！
サーバル,あっ、山がこんなに近くまで。
かばん,サンドスターの出る山だね。
ギンギツネ,あの山、他にもいろんな逸話があるわよね。 一度見てみたいわ。
サーバル,あの山ってどうなってるんだろう。 ギンギツネ知ってる？
ギンギツネ,わたしもまだ行ったことないわ。 違うちほーだしね。 それに、神聖な場所だから、入るには博士の許可が…。
キタキツネ,あっ。
かばん,キタキツネさん、どうしましたか？
キタキツネ,あれは。
サーバル,あれ、セルリアンじゃない？
かばん,こ、こっちに来てませんか？
サーバル,た、戦える量じゃないよ。 逃げよう！？
ギンギツネ,あのスピードじゃ、走っても追いつかれるわ。 どこか隠れるか、高い場所！
サーバル,えー？ どこに？ 隠れるとこなんてないよ。
ギンギツネ,どうしよう…どうしたらいいのかしら。
キタキツネ,もうぼくゲームできないのか…がっくり。
かばん,ああっ。 
サーバル,ん？
サーバル,かばんちゃんに任せて。 こういう時、いっつもいいアイデア出してくれるの。
かばん,えっと…。 
かばん,あっ。
ギンギツネ,これでいいのね？
かばん,はい、ありがとうございます！
サーバル,じゃあ押すよ、乗って！
サーバル,うーんぐぐぐ…うーん！ 
ギンギツネ,来てるわよ！
サーバル,速い速い！ これなら逃げられるね！
ギンギツネ,あっ！ 傾けると、ちょっと曲がれるわね！
サーバル,すごいすごーい！ ソリ楽しいなー！
かばん,あそこで止まりましょう。 キタキツネさん、ギンギツネさん、いけますか？
キタキツネ,任せて、ゲームで鍛えてるから。 ギンギツネもうちょっと右。
ギンギツネ,こう、ね？
サーバル,よかったー！ やり過ごせたね。
ギンギツネ,もう少しして落ち着いたら、下山しましょう。 一応、あとでハンターにも連絡しておくわね。
ギンギツネ,ふあー、なんとか…。
サーバル,おー、お湯がいっぱいだね。
ギンギツネ,温泉も来てるわね。
キタキツネ,動いてる。 やった！
サーバル,なにこれ、楽しそう！
キタキツネ,ゲームだよ。
かばん,へえー。
ギンギツネ,キタキツネ、先にお風呂！
キタキツネ,えー、やぁだー。 1回遊んでからー。
サーバル,1回遊んでからー！
サーバル,ぬくい…。
カピバラ,待ってたよよよ…。 お湯戻してくれてありがとうねねね…。
サーバル,温泉ってすてきだねー。
カピバラ,寒いの苦手だから助かったよよよ…。
サーバル,わたしも今日苦手ってわかったよよよ…。
カピバラ,温泉さいこー…。
サーバル,温泉さいこー…！
キタキツネ,もう上がっていい？
ギンギツネ,ちゃんと30数えなさい。
サーバル,かばんちゃん、なんで入らないの？
かばん,ええっと…これって、服のまま入っていいんですか？ なんか脱いだほうがいいような…。
ギンギツネ,服って何？
かばん,えっ。 これですけど…。 
サーバル,ええっ！ それって取れるの？ わたしのも！？
ギンギツネ,すごい発見だわ！
かばん,えっ？
かばん,あっ、その、でも人前で全部脱ぐのも、なんというか…。
ギンギツネ,へえー、服を脱ぐとつるつるになるのね。
サーバル,かばんちゃんも脱ぎなよ！
かばん,えっ、ええっ！ わあ〜〜！
キタキツネ,脱ぐとお湯があったかい…。
ギンギツネ,そう言えば港に、さっきのソリの大きいやつがあるらしいわよ。
サーバル,ええー、ほんとに？
ギンギツネ,海の上を移動できるんだって。
キタキツネ,なんでそんな恐ろしいことを。
サーバル,海ってソリじゃないと入れないの？
ギンギツネ,入れるけど、あなた泳げるの？
サーバル,えっ。 海ってそんなに大きいの？
ギンギツネ,ヒトは動かせたって話もあるから、かばんなら動かせるかもね。
かばん,えっ。 そうなんですか？
サーバル,ますます港が楽しみだね。
サーバル,じゃーねー！
かばん,どうもですー！
ギンギツネ,気を付けなさいね。
キタキツネ,またねー。
サーバル,いよいよこの峠を越えたら海だって。 ヒトがいるか楽しみだねー。
かばん,うん！
ラッキービースト,その前に一泊しようか。 今日は、いい位置に、宿泊所があるよ。
脚本,田辺茂範
作画監督,伊佐佳久
作画,原田優、加藤望、千里紗月、若葉恵、森山文子
美術,白水優子、鈴木凛、後藤律里、田中璃奈
衣装デザイン協力,雪
撮影,石山智之
編集,ヤオヨロズ
ビデオ編集,尾形茂信
編集助手,小林准
編集スタジオ,ビデオテック、海老沢かおる
音響効果,風間結花
録音調整,佐藤敦
録音助手,竹内俊平
録音スタジオ,スタジオインスパイア
音響制作,青二プロダクション
音響制作担当,池田克明、池沢勝斗
オープニングアニメーション,絵コンテ・演出: たつき、作画監督: 伊佐佳久、美術: 白水優子
エンディングテーマ,「ぼくのフレンド」みゆはん、作詞・作曲: みゆはん、編曲: R_Men_Soul
挿入歌,「大空ドリーマー」PPP、作詞・作編曲: halyosy
番組宣伝,大城博章、志村麻奈貴、飯塚彩、矢崎潤、津末達也
宣伝協力,少年エース
取材協力,Zoo sauvage de Saint-Félicien、雷神inc.、Tiny、Jory、寺田蒼来、Martin Andreas Arendt、Alexander Abu Jassar、宮城蔵王キツネ村
協力,株式会社ネクソン
プランニングマネージャー,石本順也
タイトルロゴデザイン,米田龍平
制作進行,影近直樹
コンテ・演出,たつき
製作,けものフレンズプロジェクトA
アライグマ,そう、まさにこないだの噴火の日に取られたのだ！
プリンセス,ああ、この前の。
ジェーン,けっこう大きかったですよね。
イワビー,今年は新しいフレンズが、たくさん生まれてそうだな。
フルル,どういう時に生まれるんだっけー…。
コウテイ,サンドスターが動物に当たると、フレンズになるんだ。
プリンセス,あるいは動物だったもの、とかね。
マーゲイ,そう！ ここだけの話、ジャイアントペンギンさんがそのタイプらしいですよ。
PPP,えーっ！
イワビー,どうりで。
プリンセス,見た目と裏腹に、貫禄があると思ったのよねー。
コウテイ,歴史の重み、的なものがあるな。
ジェーン,かばんさんも今年生まれなんでしたっけ。
フェネック,へー、かばんさんも通ったのかー。 なにかと縁があるなー。
フルル,今週は、狼について予習しよう！ 序列のトップは、群れ一番同士の、オスメスペアだって。
イワビー,えー、超かっこいいー！
イワビー,狼超かっこいいー！
PPP,あははー。
フルル,次回、ろっじ。
ラッキービースト,見えてきたよ。
アリツカゲラ,いらっしゃいませー。
原作,けものフレンズプロジェクト
コンセプトデザイン,吉崎観音
企画,廣部琢之、加藤英治、山田昇、柳田一哉、ビンセント・ショーティノ、柴野達夫、池本浩史、梶井斉、寺井禎浩、濱田直樹、長畑克也、武智恒雄
特別協力,竹林昇、宮原亜希子
シリーズ構成,田辺茂範
作画監督,伊佐佳久
美術監督,白水優子
撮影監督,石山智之
音響監督,阿部信行
オープニングテーマ,「ようこそジャパリパークへ」どうぶつビスケッツ×PPP、作詞・作編曲: 大石昌良
音楽,立山秋航
音楽プロデューサー,内田峻
音楽制作,ビクターエンタテインメント
音楽協力,テレビ東京ミュージック
アニメーション プロデューサー,福原慶匡
アニメーション制作,ヤオヨロズ
プロデューサー,細谷伸之、岡本泰幸、清水美佳、福田聡、秋尾浩史、石垣吉彦、工藤大丈、塩田友、和泉勇一、福田順
監督,たつき
製作,けものフレンズプロジェクトA
アリツカゲラ,ロッジアリツカにようこそ。 今日は、お泊りでよろしいですか？
サーバル,うん。
アリツカゲラ,ではまず、お部屋をお選びください。
サーバル,木の中を歩いてるみたい。
かばん,けっこう、高いね…。
アリツカゲラ,こちら、昔作られた施設を使ってロッジにしてるんですよ。
アリツカゲラ,こちらが、お部屋「ふわふわ」となっております。 ハンモックに揺られて眠る感触は、水の中に暮らすフレンズさんにも好評です。
サーバル,へえー。
アリツカゲラ,暗いところが好きなフレンズさんに、お部屋「しっとり」。 適度な湿気、適度な暗さ、何より壁がすぐそばにあって落ち着きますよねー。
サーバル,えー？
アリツカゲラ,こちらはオーソドックスなお部屋、「みはらし」ですー。 日中は視界が広く、まさに木の上で眠る感覚で、おくつろぎいただけますー。
アリツカゲラ,は〜〜、どれもいい部屋ですよね〜〜。
かばん,アリツカゲラさん、お部屋、好きなんですね。
サーバル,この部屋にする！ 見晴らしがよさそうだし。
アリツカゲラ,はい、ごゆっくり。
サーバル,ねえ、かばんちゃん。 荷物を置いたら探検しよう。
かばん,うん！
かばん,わあ…。 おー…。
サーバル,わあ…。 おー…。
サーバル,今日は、眠くない？
かばん,うん！
かばん,おもしろい作りだね。
サーバル,隣の木とかにもいけるよ。
サーバル,うん？
サーバル,何してるの？
タイリクオオカミ,ん？ いいところに来たね。
タイリクオオカミ,わたしは作家のタイリクオオカミ。 原稿の下描き中なんだ。
サーバル,うわ〜〜、なにこれなにこれ。
かばん,わあ…。
かばん,これ、なんだか本によく似てますね。
タイリクオオカミ,おっ、詳しいじゃないか。 漫画っていうんだよ。 また博士に頼んで、本にしてもらうんだ。
タイリクオオカミ,それよりきみ達、ここに泊まろうだなんて、怖いもの知らずだね。
かばん,えっ？
タイリクオオカミ,ここは怪奇現象で有名なロッジなんだよ。 ここで眠ると、夢の中に紫色のセルリアンが出てきてね。
かばん,う…。
サーバル,う…。
タイリクオオカミ,夢でそのセルリアンに食べられると、二度と夢の中から出られなくなっちゃうんだ。
タイリクオオカミ,お、いい顔いただき。
かばん,ええっ。
タイリクオオカミ,うふふ、ウソウソ。 冗談だよ。 ここは平和なロッジさ。 こうしてお客に怖い話をしていると、いいネタができてね。
サーバル,怖いよ！
サーバル,ひどいや。 本気でびっくりしちゃったじゃない！
かばん,うう…ぼくもあの話、まだ怖いんだけど…。
サーバル,おっ？
アミメキリン,あらっ。 あなた達。
サーバル,初めまして、わたしは…。
アミメキリン,待って！ わたしが推理してあげる。
アミメキリン,むむ。 その出で立ち、そしてこうして木の高いところに来る習性、時間…これらの証拠から、あなたが、なんの動物か、わたしにはお見通しよ。
アミメキリン,あなたは、ヤギね！
サーバル,ぜんぜん違うよ！
アミメキリン,ぐっ！ おかしいわね、名探偵であるこのアミメキリンが間違えるはずがないわ。 あなた、何か嘘付いてるわね？
サーバル,えー？ むちゃくちゃだよ！ わたしはサーバルだよ！ ほんとだよ！
アミメキリン,その必死さがますます怪しいわ。 吐きなさい！
サーバル,大変な目にあったよ…。
かばん,個性的なフレンズさんだったね。
かばん,あ。
サーバル,またいつものやつかなー。
ミライ,こんにちはー。 今日はロッジにやって来ましたよ。 木の上から動物を観察でき、フレンズさんとのお泊りも可能です。
サーバル,ロッジ…。
かばん,ミライさんも、ここに来たことがあるんだね。
ミライ,ぴかぴかですね…。 今はセルリアン騒ぎで忙しいですが、こうしてちゃんと、パーク再開に向けての準備も頑張っていますよ。
ミライ,では、また！ …あれぇ？ 停止ボタンの調子が…。 
ミライ,さっき雨に濡れたからでしょうか…。 うう、もう…。
かばん,おはようございます。
サーバル,おはよー。
サーバル,どうしたの？
アリツカゲラ,おはようございます、昨日ちょっと変なものを見てしまって…。
サーバル,変なもの？
アリツカゲラ,いつも、消灯前に見回りをしてるんですが、そこで変な影を見まして。 声をかけようと近づいたら、信じられない速さで逃げられたんですよね。 おふたりは心当たりありませんか？
かばん,いやー、ぼくはとてもそんなに速くは。
サーバル,わたし、けっこう自信あるよ。 でも、昨日はそんなに走り回ってないけどなあ…。
アリツカゲラ,そうですよね…あの時間お客さんは全員別の場所にいたはず。 うーん…。
タイリクオオカミ,セルリアンの中には高速で移動するものがいるらしいよ。 どんなフレンズよりも足が速く、逃げても逃げても振りきれず、そしてついには、ガブリ。
タイリクオオカミ,セルリアンに食べられた子がどうなるか知ってるか？ 中からの脱出はまずできない。 最初に全身が溶け…。
アミメキリン,うう…。
サーバル,うう…。
かばん,うう…。
アリツカゲラ,もう、オオカミさん。
タイリクオオカミ,冗談冗談。 またいい表情いただいたよ。 うふふ。
アミメキリン,セルリアンにせよフレンズにせよ、原因を突き止めないと。 ここはひとつ、わたしが頑張るしかないわね！
アミメキリン,何か手がかりがあるかもしれないわ。 現場にいきましょう！
アリツカゲラ,あそこです。 あの枝の上に見えたんです。
アリツカゲラ,けっこう大きかったような気が…。 それが一瞬で、あそこの木まで移動してですね。
サーバル,やっぱり、セルリアンじゃない？
アリツカゲラ,うーん…あんまり匂いがしなかったんですよね…。
タイリクオオカミ,やはり赤いセルリアン！
アミメキリン,ひいい！
かばん,ひいい！
アリツカゲラ,わたし、念の為見て回りますね。 すみませんお騒がせして。
サーバル,あっ、わたし達は、そろそろ出発かな。
サーバル,あっ？
かばん,ん？
ラッキービースト,今日からちょっと天気が荒れそうだよ。 この先は道が不安定だから、念の為雨が止んでから出よう。
サーバル,そう？
かばん,じゃあ、もう少しお世話になります。
アリツカゲラ,はいはい、喜んで。
アライグマ,は〜〜、かばんさんはすごいのだ。 温泉の危機まで救うとはー。
フェネック,というわけでー、博士に許可もらったからその泥棒を追いつつ、お宝に向かってるのさー。
ギンギツネ,興味深いわね。 最近のセルリアン騒ぎと関係あるのかしら。
キタキツネ,ある程度レアなアイテム持ってかないと死んじゃうよ。
ギンギツネ,あなたそれゲームの話でしょ…。
アミメキリン,はっ！
かばん,う、うーん…。 あれ？ サーバルちゃん？
かばん,サーバルちゃん、どこ行ったんでしょう…？
ミライ,いやー、それにしても…。
かばん,うわあ〜〜…！
かばん,な、なんだ…びっくりした…。
ミライ,完全退去は、大げさですよね。 何も、そこまで…。
サーバル(祖),わたし達はともかく、ミライさん達は隠れたほうがいいよー！
ミライ,急ですよ。 なんとかパークをずっと平和に続ける方法を…。 あれ？ 今また録画されてます？ うーん、完全に壊れてますね。 後で、防水対策をしましょう。
サーバル(祖),かわいい子だよね、それ、どうなるの？
ミライ,これはですね、ゆくゆく、パークガイドとして…。
かばん,うわあ〜〜！ た、食べないでください！
サーバル,食べな…た、食べてないよ！ 
かばん,サーバルちゃん…。 どこ行ってたの？
サーバル,ええと、ちょっとね。 その、散歩だよ、散歩！
アリツカゲラ,今度は、キリンさんが見たんだそうです。
サーバル,えーっ！
サーバル,大丈夫だった？
かばん,どんなでしたか？
アミメキリン,白くて、もやもやしていて、生きている感じがしなかった。 ううう、これは怪事件だわ。
アリツカゲラ,やはり、セルリアンなのではと…。
サーバル,でも、白いもやもやしたセルリアンなんていたの？
アリツカゲラ,たまに新種って話も聞きますからね…。
アミメキリン,それが、シルエットはフレンズそのものだったの。 そこがどうにも怖くて。
アリツカゲラ,えええ…。 じゃあやっぱり誰かいるんでしょうか…。
サーバル,誰ー？ またオオカミさんじゃないのー？
タイリクオオカミ,違うよ。 うっふふ。
サーバル,誰かが森に隠れて、いたずらしてるんじゃ。
タイリクオオカミ,こういう話を知ってるかい？ フレンズ型のセルリアン、てのが昔いたらしいんだ。
サーバル,えっ、それってひと目でわかるの？
アリツカゲラ,わからなかったら、フレンズと思って近づいて、食べられたり…。
サーバル,怖い、怖い、怖い！
アミメキリン,怖い、怖い、怖い！
タイリクオオカミ,さあ、そこはわからないな。 ただこれの恐ろしいところは、本人は自覚がなかったらしいということ。 つまり、自分がフレンズだと思っていたら、実は…と。 もしかして、お前もセルリアンなのかも。
サーバル,いやーっ！ もっと、怖い、怖い、怖い！
アミメキリン,いやーっ！ もっと、怖い、怖い、怖い！
タイリクオオカミ,冗談だよ。 いい顔いただきました。
アリツカゲラ,いたずらならまだいいんですが、ちょっと気を付けて、なるべく一緒にいるようにしましょう。
かばん,はー…。
かばん,今日も雨、止まないね。
サーバル,今日もロッジの中、探検しよう！
サーバル,あっ。 ボスがまた、何か喋りそうだよ。
ミライ,そうだ。 どうせ調子が悪いなら、メモ代わりに使いましょう。
サーバル,…。
かばん,…。
ミライ,生き物や、生き物だったもの…とサンドスターが反応して、フレンズが生まれますが、セルリアンは、無機物と反応して生まれることがわかってきました。 ただ、別の研究で、サンドスターが1種類ではないのでは、との話もあり、…あっ。 以上、メモ、終わり。
サーバル,難しくて、よくわかんないね。
かばん,これ、博士達に教えてあげたら、喜ぶかな。
サーバル,食べ物に関係なかったから、どうかなあ。 かばんちゃんの縄張りが見つかって、報告にいく時に教えてあげよっか。
サーバル,もし、港とか海が、本当にかばんちゃんの縄張りだったら、その後どうするの？
かばん,そうだね、もしヒトがいたら、ヒトがどうやって暮らすのか、聞きたいな。 いなかったら、うーん…考える。
サーバル,海辺に住むことになっても、サバンナにも遊びに来てよね。 あっ、それか、ビーバー達みたいに、一緒に住むのってどう？ 楽しそう！
ミライ,ええっ？ 最初、わたしが宇宙人だと？
サーバル(祖),だって、わたし達、この島の外にもちほーがあるなんて、知らなかったもん。 それに、飛んでくるんだよ。 食べられちゃうって言ってる子もいたよ。
ミライ,うふふ。 宇宙人だぞ〜〜！
サーバル(祖),きゃー！
ミライ,迷宮に、ようこそー！
サーバル(祖),きゃー！
ミライ,ふふっ。
サーバル,あははは！ なんだか楽しそう！
かばん,ミライさんって、絶対いい人だよね。
サーバル,大丈夫ー？
かばん,どうしましたか？
タイリクオオカミ,今、今そこに白いお化けが。
サーバル,またそうやって脅かそうったって、もう騙されないよ。
タイリクオオカミ,違うんだ、今回のは本当に！
サーバル,またまたー。
かばん,サーバルちゃん、今日は様子が違うみたいだよ。
タイリクオオカミ,確かに白かった。 形もフレンズで、耳だか角だかが付いていたが、聞いてたよりぜんぜん大きかったぞ。
タイリクオオカミ,あの木の上から下ぐらいあった。 
サーバル,おっきすぎない！？
かばん,何種類か、いるんでしょうか？ えっと、これまでにいたのって…。
タイリクオオカミ,おとといの晩のアリツさん、きのうの晩にキリン、今はわたしだ。
サーバル,いっつも夜なの？
タイリクオオカミ,そうだな。
かばん,見た人も場所も、バラバラですね。
かばん,やっぱり、他に誰かいるんじゃ…。
サーバル,近くに、他のフレンズの音や匂い、しないけどなあ。
タイリクオオカミ,誰かが嘘をついて、いたずらしてるのかも。
サーバル,じゃあ、オオカミでしょう！
タイリクオオカミ,わたしは嘘なんかついたことないよ？ うふっ。
サーバル,そうなんだ。
かばん,角か、耳…。
タイリクオオカミ,とりあえず、明日またみんながいる時に、話してみよう。
かばん,はい。
サーバル,はーい。
タイリクオオカミ,そう…耳の形と言えば、オオカミは満月の日に…。
サーバル,ほら！ またそうやってー！
かばん,あはは。
かばん,おはよう、サーバルちゃん。 まだ寝てていいよ。
サーバル,おはよう…。
サーバル,晴れたね。 今日は出られそうだね。
かばん,うん！
サーバル,わ〜〜！
かばん,わ〜〜！
サーバル,出たー！
かばん,た、食べないでくだ…！
サーバル,逃げよう、かばんちゃん！
かばん,サーバルちゃん、怖いけど形だけ確認しよう。 何かヒントになるかも。
サーバル,ほんとだ、フレンズの形してる。
かばん,耳の形は…。
サーバル,ひあ〜〜！
かばん,ひあ〜〜！
かばん,ぼく達も、見ました。
アリツカゲラ,うーん…何度話しても嘘をついてる方もいないと思うんですが…。
タイリクオオカミ,何か他に変わったことあった人は？
アリツカゲラ,そう言えば、夜にジャパリまんが減ってたんですが。
サーバル,だ、だ、誰だろー？
かばん,あ、それはサーバルちゃんなので、関係ないかと。
サーバル,かばんちゃん！ なんで知ってるの？
アミメキリン,やっぱり、セルリアンじゃないの？
アリツカゲラ,でも、耳があってフレンズ型だったと…。
タイリクオオカミ,人型の新種かもしれないよ。
サーバル,セルリアンでも、匂いか音はするんじゃないかなあ。
かばん,自分が、セルリアンだったらか…。 ふっ。 あ、あれ？
かばん,あっ、あの…。
アミメキリン,わかりました！ 犯人は、オオカミさんです！
タイリクオオカミ,ええー！？
アリツカゲラ,ええー！？
サーバル,ええー！？
かばん,ええー！？
アミメキリン,オオカミさんは事件を起こし、自分の漫画を話題にするつもりだったのです。 無名な作家の、かわいそうな動機だったのです！
タイリクオオカミ,むう…それはいいとして。
アリツカゲラ,肝心のお化けは、どうやっているのです？
アミメキリン,双子だったのです！ だから同じ匂いで、その、気付かなかったのです！
アリツカゲラ,それだと、速いとか大きい理由が…。
タイリクオオカミ,わたしの双子は白くて透明なのか。
アミメキリン,三つ子なら可能ー！ いや、いっそ、四つ子でもいいです！
アリツカゲラ,お、落ち着いてキリンさん。
サーバル,熱くなりすぎだよ。
かばん,あのー、ぼく、わかったかも。
かばん,犯人は…。
かばん,ぼくです。
タイリクオオカミ,ええー！？
アリツカゲラ,ええー！？
アミメキリン,ええー！？
サーバル,ええー！？
アリツカゲラ,どういうことですかかばんさん？
アミメキリン,まさか、変身を？
サーバル,冗談でしょかばんちゃん。 だって今朝、一緒にいたじゃない！
かばん,ええと…たぶん、見ればわかると思うので、ちょっと一緒に歩きましょう。
かばん,お化けの出た場所は、バラバラのようで、全てぼくの近くだったんです。
かばん,何より、すべての時間は…。
アミメキリン,ああっ。
タイリクオオカミ,ああっ。
アリツカゲラ,ああっ。
サーバル,ああっ。
かばん,ぼくらがミライさんのメッセージを聞いた場所だったんです。
かばん,ぼくが歩いた先で、ラッキーさんが反応してたんです。 お騒がせしました。
アミメキリン,こ、これなに？
アリツカゲラ,こんなの初めて見ました…。
ミライ,ふー、まずいことになりました…。
かばん,これが…。
サーバル,この子がミライさん？
かばん,うん、きっとそうだよ。
アリツカゲラ,これってこのロッジですか？ なんか、ピカピカです！
タイリクオオカミ,これは…時間ごとボスが飲み込んでいたということ？
アミメキリン,また怖い言い方を…。
ミライ,あのセルリアン、大きさもなんですが、問題は、削っても削っても自己修復するところで。 今週倒せない場合、わたし達もパークから…。
アリツカゲラ,なになに…？
アミメキリン,なんか、怖いこと話してるね…。
ミライ,いや、正直、もうちょっと長くこの島にいたかったですね。 まさか、こんなに早く…。
サーバル(祖),ミライさーん！ 早く早く！ カラカラがあのおっきいやつ、山で見たって。 みんなで連携して、やっつけちゃおう！
サーバル,うん？
かばん,あれっ？
ミライ,そうですね、ここでやっつければ全部解決です！ ぱっかーんといきましょう！
サーバル(祖),そうだよ、ぱっかーんだよ！
かばん,今のって、サーバルちゃん？
サーバル,あたし、知らないから他の子だと思う。 同じ種類のフレンズが生まれることもあるらしいし…。
かばん,あっ？
サーバル,あれっ？ あれっ？ 
サーバル,あれっ。 おかしいな、早起きしたからかな…。
タイリクオオカミ,いやー、いいネタ見たよ。
アミメキリン,あっ、ああー！ それは「ホラー探偵ギロギロ」！ わわわわわたし、それを読んで探偵はじめたんです。
アミメキリン,サインください！
タイリクオオカミ,おっ、うっ…。
サーバル,あはははは。
ラッキービースト,発車するよ。
かばん,では、またー。
アリツカゲラ,また立ち寄ってくださいね。
アミメキリン,またねー。
タイリクオオカミ,またなー。
かばん,これが海かー。
サーバル,船！ 船って絶対あれだよね！ すっごーい！
かばん,誰かいませんかー？
サーバル,ヒトはいないっぽいね。
サーバル,やっぱり、ここじゃないのかなあ。
かばん,もしかして…。
サーバル,わわわ！
かばん,わわわ！
ラッキービースト,動くみたいだね。
サーバル,えっ、どういうこと？ これもバスなの？
かばん,海の上…。
かばん,サーバルちゃん。
かばん,ぼく、海の外に、ヒトを探しに行ってみたい。
サーバル,海の外？ それって…。
脚本,田辺茂範
作画監督,伊佐佳久
作画,原田優、加藤望、千里紗月、若葉恵、森山文子
美術,白水優子、鈴木凛、後藤律里、田中璃奈
衣装デザイン協力,雪
撮影,石山智之
編集,ヤオヨロズ
ビデオ編集,尾形茂信
編集助手,小林准
編集スタジオ,ビデオテック、海老沢かおる
音響効果,風間結花
録音調整,佐藤敦
録音助手,竹内俊平
録音スタジオ,スタジオインスパイア
音響制作,青二プロダクション
音響制作担当,池田克明、池沢勝斗
オープニングアニメーション,絵コンテ・演出: たつき、作画監督: 伊佐佳久、美術: 白水優子
エンディングテーマ,「ぼくのフレンド」みゆはん、作詞・作曲: みゆはん、編曲: R_Men_Soul
挿入歌,「大空ドリーマー」PPP、作詞・作編曲: halyosy
番組宣伝,大城博章、志村麻奈貴、飯塚彩、矢崎潤、津末達也
宣伝協力,少年エース
取材協力,一般社団法人日本オオカミ協会、東武動物公園
プランニングマネージャー,石本順也
タイトルロゴデザイン,米田龍平
制作進行,影近直樹
コンテ・演出,たつき
製作,けものフレンズプロジェクトA
フェネック,アライさん、ちょうど噴火した山にびっくりして、崖から落ちたんだってー。
アライグマ,その時確かに見たのだ。 黒い影が、帽子を持ち去ったのだー！
タイリクオオカミ,黒い影…。 気になるね。
アミメキリン,新作の参考になりそうですか？ 先生！
アリツカゲラ,あれ…？ それってその時生まれたフレンズなんじゃ…？
コウテイ,今週は、ヒグマについて予習だ。 ヘビの匂いが嫌いらしいな。
イワビー,どんな匂い？
コウテイ,でも焼いたらおいしそうだよな。
イワビー,コウテイは何者なんだー！？
コウテイ,わたしが神だ。
PPP,あはははは！
コウテイ,違うな、ぜんぜん違うな。
イワビー,神だったの！
コウテイ,次回、せるりあん。
サーバル,なになにー？
かばん,山のほうだよね？
サーバル,セルリアンだー！
かばん,うわあー！
サーバル,うわあ！
かばん,ううう…。
サーバル,このおっ！ 
サーバル,あうっ！
サーバル,うえっ？
サーバル,うわあ〜〜！
かばん,うわあ〜〜！
サーバル,ううう…。
かばん,ううう…。
キンシコウ,大丈夫でしたか？
サーバル,ああー、助かったよ。
かばん,ありがとうございます。 あなたは…？
キンシコウ,わたしはキンシコウ。 セルリアンハンターよ。
キンシコウ,ダメですよ、自分の体格より大きいセルリアンは、ハンターに任せないと。 食べられちゃいますよ。
サーバル,いきなり出てきたんだよ。 すっごいね、さすがハンターだね。
キンシコウ,まだいるかもしれません。 隠れていてください。
かばん,ふええ…。
ラッキービースト,かばん、ちょっと様子を見てきていいかな。
かばん,えっ、わかりました。
キンシコウ,あっ…？
キンシコウ,今、喋りませんでした？ ボス。
かばん,そっか、元々そうなんだっけ。
サーバル,なんか、すっかり慣れちゃったよ。
サーバル,ボスがいくなら、わたし達もいくよ。
キンシコウ,たぶん逃げたのは、あの1体だけですが…用事が済んだら、隠れてくださいね。
かばん,そう言えば、セルリアンに食べられたら、どうなるんですか？
キンシコウ,死んでしまうと言うと、言いすぎかもしれませんが…。
サーバル,お話できなくなるし、わたし達のことも忘れちゃうもんね。
かばん,ええっ…。
サーバル,でも、なんでセルリアンって、こっちに向かってくるんだろう。
キンシコウ,サンドスターを食べてるって話もありますね。
サーバル,ええっ？
キンシコウ,なんにせよ、山火事みたいなものですから。 逃げることです。
かばん,わっ、これは。
サーバル,ひどいなあ。 何があったの？
キンシコウ,これ、セルリアンの足あとなんですよ。 わたし達、これを追いかけてるんです。
かばん,う…。
かばん,わっ！ た、食べないでくだ…！
ヒグマ,なんだ？ そいつら。
ヒグマ,反対側に逃げたのは潰したぞ。
キンシコウ,こっちも倒しましたよ。 飛び散った破片が動くなんて、相当ですね。
サーバル,えっ、さっきのが破片なの？
かばん,わあ…。
ヒグマ,ふん、もう一回りでかいのも倒したことあるぞ。
キンシコウ,砂漠で戦ったやつですか？ パークの危機、でしたね。
ヒグマ,本体は？
キンシコウ,リカオンが、追跡していますよ。
ヒグマ,まあ、あのサイズなら動きは遅い。 いくぞ。
サーバル,大丈夫？ 危なくない？
かばん,何か、よければお手伝いを。
サーバル,あっ、サンドスター？
キンシコウ,昨日からちょこちょこ出てますね。
ヒグマ,よくある規模だ。 早く追うぞ。
ラッキービースト,注意、注意。 お知らせします。 サンドスターロウの濃度が、高くなっています。 大規模な噴出の可能性があります。 注意、注意。
ヒグマ,おっ？
キンシコウ,ボスね、喋れたんですって。
サーバル,ボスが何か言ってるよ？
かばん,サンドスター、ロウ…？
キンシコウ,とりあえず、わたし達はセルリアンを退治してきますね。
サーバル,えっ。 そっちも心配だよ。 わたし達も…。
サーバル,うっ。
ヒグマ,あの程度のセルリアンに負けるお前らがか？ 邪魔にしかならん。 なんなら、2匹まとめて戦ってみるか？
サーバル,うう…。
キンシコウ,ごめんなさいね。
ラッキービースト,少し見てきてもいいかな。 かばん達は、ここで待っていて。
かばん,えっ…。
サーバル,ボスも様子が変だよ。 どうしようかばんちゃん。
かばん,う…。
かばん,山の方、行ってみよう。
サーバル,うん！
かばん,ミライさんが言ってた、山に何かって…。
かばん,さっきのセルリアン、山の方から来てる。
サーバル,足あとも、そっちに続いてるね。
サーバル,あれ…？ でも、だんだん小さくなってない？ 変なの。
かばん,えっ…それって…。
キンシコウ,もうちょっと、言い方があるんじゃないですか？
ヒグマ,ちょろちょろと邪魔なんだよ、弱っちいやつは。
キンシコウ,ふふ。 ヒグマさんはまたそうやって。 ほんとは心配なんですよね。
ヒグマ,なっ…！ 
ヒグマ,もう追いつくな。
キンシコウ,これ、だんだん大きくなってませんか…？
リカオン,ああっ！
リカオン,やっと来た…。 荷が重いですよ、オーダーきついですよぉ。
キンシコウ,お疲れさまです。
ヒグマ,どうだー？
リカオン,やっぱり、大きいだけあって、動き鈍いです。 これ、サンドスターの供給が追いつかずに、自滅するかもですよ。
キンシコウ,改めて、大きいですね。
ヒグマ,…。 
リカオン,ええっ。 やっぱり、やるんですか？
ヒグマ,形が変化することもある。 ここできっちり、やっておく。
ヒグマ,最初から野性解放でいくぞ。 出し惜しむな。 まず石まで削る！
キンシコウ,はい！
リカオン,了解ですよ。
サーバル,ふう、ふう、ふう…。 けっこう来たね。 ちょっと休まない？
かばん,うん、ごめんね、サーバルちゃん。
サーバル,ふう…。 かばんちゃん、みんなが心配なんだよね。
かばん,うん。 何かとても怖い…のはいつもなんだけど、あれは何か…。
サーバル,あっ、またミライさんが出るよ。
ミライ,巨大セルリアンですが、やはり山から何かしらの供給を受けていました。 黒いセルリアンは、あの能力があるため、攻撃せずに、先に山のフィルターを貼り直す必要があったんです。
かばん,…。
サーバル,…。
ミライ,無事四神を並べたので、わたし達はこれから下山します。 なんとしても、わたし達で先に退治しないと。 フレンズのみなさんを避難させてからとは言え、この島にあんなものを…。
ヒグマ,やっと石見せやがった。 一気に倒すぞ！
リカオン,了解です。
ミライ,後日まとめますが、今のところ、いくら攻撃しても山からサンドスターロウを吸収すること。 太陽の方向に向かっているということ。 海を嫌がっていること…などが見て取れます。 このあたりを…。
ミライ,あっ、カラカルさん、サーバルさん、いけますか？
ミライ,はい、いきましょう！
ミライ,あ、四神の場所は、以前記録した、「貴重な物」の場所そのものでした。 また後ほど。
かばん,うう…。
サーバル,ちゃんとわかんなかったけど、この山で、前に何かあったのかな。
かばん,あっ、さっきのセルリアン。
サーバル,やっぱり、助けにいかなきゃ。
かばん,サーバルちゃん、先に山頂にいこう。
サーバル,えっ。
かばん,ミライさんの言ってたことが…もしかして、あのセルリアン。
サーバル,すごーい、こんなになってたんだ。
サーバル,あれがサンドスターだね。 あっちは、なんだろう。
かばん,ミライさんの話が本当なら、ここに何か…確か、四神って言ってた。
かばん,サーバルちゃん。 何か、変わったものがないか、探そう。
サーバル,えっ？
かばん,ここに、何かが…今のうちに見つけたほうがいい気がして。
サーバル,わかった。
アライグマ,た〜〜！ ほい！ 
サーバル,うわー！
かばん,た、た、た、食べな…！
アライグマ,やっと捕まえたのだ。 帽子泥棒め！
かばん,え？ 帽子？ うええ？
アライグマ,取ったのだー！
サーバル,何してるのー？ そんなことする子じゃないよ！
アライグマ,嘘なのだ。 お宝を独り占めするつもりなのだ。
アライグマ,ふははははー、ついに取り戻したのだー。 さっそくこれを着けて、と…。 
サーバル,かばんちゃん、大丈夫？
かばん,う、うん…びっくりしたけど、平気…。
アライグマ,えっ、かばんさんが近くにいるのか？
サーバル,この子がかばんちゃんだよ。 きみ、一体なんなの？
かばん,あ、ど、どうも…。
アライグマ,なにー！？ お前がかばんさんのわけないのだ！
サーバル,これがかばんちゃんだよー。 えっ、かばんちゃんってほかにもいるの？
アライグマ,かばんさんはな、偉大なんだぞー。 橋を作ったり、争いを鎮めたり。 あのPPPとも知り合いなのだ。
サーバル,だから、それがかばんちゃんだって。
フェネック,ははー。
フェネック,アライさん、またやってしまったねー。
アライグマ,ふぇっ？
フェネック,この子がかばんさんだよ。 やけに帽子の子と同じ場所で話が出ると思ったよー。
アライグマ,で、でも、これはアライさんが最初に見つけたのだ。 アライさんが取られたのだ！
フェネック,でもー、かばんさんってそんなことする子かな？
アライグマ,うぐ…。
フェネック,アライさんもべた褒めで、恩人だって言ってたじゃないかー。 きっと何か事情があるんだよ。
アライグマ,うぐぐ…。 うう。
アライグマ,はい、一旦返すのだ…。
かばん,ありがとうございます。
アライグマ,飛び付いたりして、ご、ごめんなさいなのだ。
アライグマ,あっ、これなのだ。 これが聞きたかったのだ。
かばん,ミライさんのお話を？ じゃあ、一緒に聞きましょう。
ミライ,その場所は、火口の中心から東西南北。 えっと、パンフレットで言うと、「ウの3」の交差点が、まさに中心点ですね。 この像が、東の青龍なので、あと3つ、埋まっていると考えられます。
ミライ,本当に、サンドスターロウの粒子をここでフィルタリングしているとしたら、まさにこの島にとっての宝ですね。
かばん,えっと…。 
かばん,ウの3というのは、これとこれが、ひっつくところなのかな…。 東西南北っていうのはなんだろう。
フェネック,太陽が昇るほうが東、沈むのが西だからー。 この印が北なんじゃないかな。
アライグマ,フェネック！？
フェネック,アライさんがいつも突っ走るからさー、星や太陽の位置を憶えるのは基本だよー。
かばん,すごいですね、フェネックさん。
アライグマ,フェネックはやっぱりすごいのだ。
サーバル,なんの話かさっぱりわからないよ…。
かばん,ということは、こことここ、それからこっちに何か。
サーバル,あったよ。
フェネック,こっちにも。
アライグマ,こっちは見つからないのだー！
かばん,ひとつ、なくなってる？ もしかして、この、薄いものと関係が？
かばん,うん？ あ…。
かばん,ああっ！
サーバル,どうしたの？ かばんちゃん。
かばん,う、ううん、なんでもない。 アライグマさんのところ、探そう。
ヒグマ,なんだ！？
リカオン,うわわ。 なんですか？ なんの能力ですか？
ヒグマ,こけおどしか。 今とどめを刺してやる！
かばん,うわっ！
サーバル,なになに！？
かばん,これ、これってまさか。
ヒグマ,なんだ、これは…？
リカオン,うええ…。
ヒグマ,ヤバい、さっさと！ 
ヒグマ,ううっ！
リカオン,止まらないですよこれ…。
リカオン,ど、どうしましょう、ヒグマさん。
ヒグマ,お前はキンシコウを。 わたしは…。
ヒグマ,くっ…。
リカオン,うあああ…。
アライグマ,かばんさん、あったのだー！
フェネック,掘り出すよ。
かばん,わかりました。 そしたら、それを、ここに…。
ラッキービースト,大量のサンドスターロウが放出されました。 超大型セルリアンの出現が予想されます。 パークの非常事態につき、お客様は直ちに避難してください。 ここからの最短避難経路は、日の出港になります。 非常事態につき、お客様は直ちに避難してください。
かばん,ラッキーさん、今はそんな場合じゃ…。
ラッキービースト,ダメです。 お客様の安全を守るのが、パークガイドロボットのぼくの勤めです。 直ちに避難してください。 ここからの最短…。
かばん,ラッキーさん。 ぼくはお客さんじゃないよ。 ここまでみんなに、すごくすごく助けてもらったんです。 パークに何か起きてるなら、みんなのためにできることを、したい。
ラッキービースト,わかったよ。 かばん。 危なくなったら、必ず逃げてね。
ラッキービースト,かばんを、暫定パークガイドに設定。 権限を付与。
アライグマ,持ってきたのだー！
フェネック,これをどうするのー？
サーバル,どうしたの？ ボス。 早く進めよう。
サーバル,どうしたの？ 場所が間違ってる？
ラッキービースト,かばん、高さだよ。
かばん,あっ、そうか。
サーバル,これで、大丈夫かな？
かばん,うん、たぶんこれで…。
リカオン,止まった？
ヒグマ,くっ。
リカオン,止まりはしても、これは…。
リカオン,助かった…。 
ヒグマ,助かってない。 このままじゃ、犠牲者が出るぞ。
リカオン,そ、そうですね…。 でも、あんなのどうやって…。
サーバル,ヒグマー！ キンシコウー！ 大丈夫ー？
かばん,作戦はこうです。 今、黒セルリアンはこの辺り。 このあと、海まで誘導します。 明るいものを追いかけるそうなので、今は太陽に向かっているんだと思います。
かばん,なので、日が暮れるまで待って、バスを使って誘導しましょう。 セルリアンが車を見失った時や、問題が起きた時は、火で誘導します。
フェネック,火ってなーに？
かばん,あっ。 えっと…これです。 
サーバル,わっ！
アライグマ,わっ！
フェネック,わっ！
かばん,あ…そうか、みんな火は持ちたくないですよね。
ヒグマ,そうなのか？
かばん,ヒグマさんは大丈夫なんですか？
ヒグマ,ああ、わたしはそれ、そんなに怖くないな。
かばん,じゃあ、本番はヒグマさんお願いします。
かばん,海の近くまで来たら、みなさん逃げてください。
ヒグマ,自分では、海に入らんのだろう？ 何か方法はあるのか？
かばん,船に灯りで誘導して、足が乗ったところで沈めましょう。
フェネック,おー。
アライグマ,さすがかばんさん、聡明なのだ。
サーバル,えっ、船？ ダメだよかばんちゃん、だってかばんちゃん、あれに乗って外にヒトを…。
かばん,いいの、サーバルちゃん。 そんなことより今は、みんなとパークを。
かばん,セルリアンを無事誘導できたら、ぼくとラッキーさんで船を動かします。 アライさんとフェネックさんは、フレンズさんが近づかないように誘導をお願いします。
フェネック,わかったー。
アライグマ,了解なのだ。
かばん,うまくいくかわかりませんが…いえ、これで上手くいかせましょう。
ヒグマ,すまん、お前が使うはずだった船を。
かばん,いえ、ぼくも最近知ったぐらいですから。
キンシコウ,面目ない…。 ハンターでもないあなた達を、危険に巻き込んで。
フェネック,なーに言ってるのさー。 パークの危機はみんなで解決しないとー。
サーバル,今まで見えないところでがんばってくれてたんだね。 ありがとう。
アライグマ,かばんさんも言ったそうなのだ。 困難は群れで分け合えと。
かばん,えっ、ぼくそんなこと言ったっけ…？
アライグマ,さらにかばんさんに加えてアライさんまで。 無敵の布陣なのだ。
ヒグマ,ええ？ お前特技ってあるのか？
フェネック,あさっての方向に全力疾走ができるよー。
ヒグマ,大丈夫かあ？ それ。
サーバル,じゃあ、作戦開始ー！
サーバル,見てるよ見てるよ。
かばん,ラッキーさん。
ラッキービースト,わかった。
サーバル,来てる来てる。
かばん,じゃあ、距離を保ちつつ、港までいきましょう。
ヒグマ,まだ問題ないようだな。
サーバル,ボスの運転はさすがだね！
ラッキービースト,任せて。
サーバル,うわあ、ボス！
かばん,ラッキーさん！
ラッキービースト,ぱっ…。
ラッキービースト,かーん！ 
サーバル,ボス！ 今日はかっこいいね！
かばん,この調子です。 船が見えればあとは…。
かばん,うえぇ！
サーバル,なーに！？
かばん,わぁ〜〜！
サーバル,わぁ〜〜！
サーバル,かばんちゃん、ボス！ 
かばん,うわあっ、ぐ…サーバルちゃん！
ヒグマ,大丈夫か！？
かばん,サーバルちゃんが…サーバルちゃんが…。
ヒグマ,くっ…。 あのサイズ、あたしだけでは。
かばん,食べられたら死んじゃうって…記憶がどうとかって…。
ヒグマ,バスがダメなら、火で誘導だろう。 
ヒグマ,失敗したら、さらに犠牲が出る。 あるいは、お前だけ逃げてもいい。 ただ、今向かっていっても、無駄な犠牲になるだけだ。
かばん,う、うう…。
かばん,セルリアンが船に近づく位置まで行ったら、ラッキーさん、船の灯りを着けて動かし始めましょう。
ヒグマ,距離に注意しろ。 さっきみたいな変形があるかもしれん。
ヒグマ,ボスはわたしが持つ。 お前は走れるな？
かばん,はい。
かばん,バスがなくなった今、この松明しかありません。 夜の間しか使えない手ですから、急ぎましょう。
ヒグマ,確実に沈めるぞ。
ラッキービースト,あっ…。
ヒグマ,いくぞ！ 
ヒグマ,とりあえず、追いつかれないように距離を！
ヒグマ,あっ…あいつは！？
かばん,この距離からなら…あっ！ 
かばん,あっ！ 
かばん,みゃ…みゃ…うみゃ…うみゃみゃみゃみゃみゃみゃみゃみゃ…うみゃー！ 
かばん,待っててサーバルちゃん、今いくから。
かばん,サーバルちゃん！
かばん,サーバルちゃん、サーバルちゃん！
かばん,起きて、サーバルちゃん。 逃げるよ。
かばん,サーバルちゃん。
かばん,見るからにダメで、なんで生まれたかもわかんなかったぼくを、受け入れてくれて、ここまで見守ってくれて。
かばん,ありがとう。 元気で。
原作,けものフレンズプロジェクト
コンセプトデザイン,吉崎観音
企画,廣部琢之、加藤英治、山田昇、柳田一哉、ビンセント・ショーティノ、柴野達夫、池本浩史、梶井斉、寺井禎浩、濱田直樹、長畑克也、武智恒雄
特別協力,竹林昇、宮原亜希子
シリーズ構成・脚本,田辺茂範
作画監督,伊佐佳久
美術監督,白水優子
撮影・撮影監督,石山智之
音響監督,阿部信行
音楽プロデューサー,内田峻
音楽制作,ビクターエンタテインメント
音楽協力,テレビ東京ミュージック
音楽,立山秋航
アニメーション プロデューサー,福原慶匡
アニメーション制作,ヤオヨロズ
プロデューサー,細谷伸之、岡本泰幸、清水美佳、福田聡、秋尾浩史、石垣吉彦、工藤大丈、塩田友、和泉勇一、福田順
作画,原田優、加藤望、千里紗月、若葉恵、森山文子
美術,白水優子、鈴木凛、後藤律里、田中璃奈
衣装デザイン協力,雪
エンディングテーマ,「ぼくのフレンド」みゆはん、作詞・作曲: みゆはん、編曲: R_Men_Soul
編集,ヤオヨロズ
ビデオ編集,尾形茂信
編集助手,小林准
編集スタジオ,ビデオテック、海老沢かおる
音響効果,風間結花
録音調整,佐藤敦
録音助手,竹内俊平
録音スタジオ,スタジオインスパイア
音響制作,青二プロダクション
音響制作担当,池田克明、池沢勝斗
番組宣伝,大城博章、志村麻奈貴、飯塚彩、矢崎潤、津末達也
宣伝協力,少年エース
取材協力,東武動物公園、よこはま動物園ズーラシア
プランニングマネージャー,石本順也
タイトルロゴデザイン,米田龍平
制作進行,影近直樹
コンテ・演出・監督,たつき
製作,けものフレンズプロジェクトA
コウテイ,次回、ゆうえんち。
サーバル,ん…？ 
ヒグマ,あっ。 起きたか。
サーバル,あたし、セルリアンに食べられて…。 あっ、上手く行ったんだね。 ヒグマが助けてくれたの？
ヒグマ,あ…いや…。
サーバル,あれ、かばんちゃんは？ 船の中？
サーバル,ねえヒグマ、かばんちゃんは？
キンシコウ,あなたを助けて、セルリアンに食べられたって。
サーバル,えっ、早く助けなきゃ。
ヒグマ,戻ったら、倒れたお前と食われたかばんがいた。
ヒグマ,あたしでは、どうしようもなかった。
ヒグマ,あれからかなり経って、すぐ朝になる。 時間的に、もう…。
サーバル,そんな…！ もう一度いこう。 かばんちゃんはすっごいんだよ。 きっと大丈夫だよ。
ヒグマ,…。
リカオン,動きました。 セルリアンが来ますよ。
キンシコウ,日が昇る前に、決着を付けないと。
サーバル,あたしひとりでもいくよ、待ってて。
サーバル,あっ。
ヒグマ,これまで、何度もセルリアンに食われたやつを見てきた。 残念だが、切り替えろ。
サーバル,う…。
サーバル,ボスもなんとか言ってよ。 …ああ、そっか。 かばんちゃんがいないと…。
ラッキービースト,サーバル。 ここはぼくに任せて。 きみとヒグマはかばんを。
サーバル,ほら、ボスもこう言って…ボス？
ラッキービースト,かばんがなんとかなったら、セルリアンをここへ誘導して。 作戦通り船に重心が乗ったところで、転ばせるよ。
サーバル,うん。 ね、ヒグマ。 いくよ。
ヒグマ,わかった。 お前らの目線で動いてみよう。
サーバル,でも、どうしてお話してくれたの？
ラッキービースト,ヒトの緊急事態対応時のみ、フレンズへの干渉が許可されているんだ。 生態系の維持が原則だからね。
サーバル,うーん、よくわかんないけど、ボスも大変なんだね。
ラッキービースト,とにかく、かばんをよろしく。 日の出が近い。 こっちは任せて。
サーバル,わかった！ よーし、やるぞー！
ヒグマ,お前らは船を。
リカオン,オーダー、了解です。
キンシコウ,気を付けて。
ヒグマ,万一の時は、逃げろよ。
ラッキービースト,サーバル、3人での旅、楽しかったよ。
サーバル,うん？ あたりまえじゃない。 かばんちゃんを助けて、またいろんなところいくんだから。
ラッキービースト,…。
ヒグマ,いたぞ！
サーバル,うん！
ヒグマ,…最強すぎるだろ。
サーバル,かばんちゃん！ あれ、かばんちゃんだよね？
ヒグマ,やはり、もう…。
サーバル,いかなきゃ。
ヒグマ,石と、ほとんど同じ位置にいる。 一発では無理だ。 まず、脚を崩して。
サーバル,わかった。 後ろに回るね。
サーバル,まだまだー！
ヒグマ,あっ！
ヒグマ,ダメだ、でかすぎる。 膝すらつかせられん。
サーバル,まだまだ！ …あっ。
サーバル,う〜〜、うっ！ 
サーバル,うみゃ、うみゃ、うみゃみゃ！ みゃみゃみゃ！ うみゃみゃみゃみゃ！ うみゃみゃみゃみゃみゃみゃ！
ヒグマ,くそお！
サーバル,うみゃみゃみゃみゃー！
サーバル,うう…！
ヒグマ,サーバル！ 林を越えたら、船を見て走り出すぞ！ 離れろ！
サーバル,ダメだよ、まだかばんちゃんが！ かばんちゃんが！
サーバル,ねえ！ かばんちゃんを返して、返してよ！ 怖がりだけど優しくて、困ってる子のためにいろんなこと考えて、がんばり屋で、まだ、お話することも、一緒にいきたいところも…うう、返してよー！
助手,浅いですか。
博士,でかいだけでなく、固い。 確かに面倒です。
ヒグマ,博士！
サーバル,どうして？
博士,ラッキービーストに聞いたのです。
助手,われわれの近くにいたラッキービーストに、通信が入ったのです。
博士,パークにヒトがいる状況ならではですね。
博士,われわれ、やることはやるですよ。 この島の長なので。
助手,野性部分を解放です。 この島の長なので。
ヒグマ,心強いが、正直、このサイズが相手では。
博士,まあ、これが限界なのです。
助手,ですね。 われわれだけでは仕方ないですね。
ヒグマ,来るぞ！
博士,まったく、夜目が利かないだの地図が読めないだの。
助手,ぽんこつだらけなのです。 まったく。
博士,さあ、とっとと野性解放するのです。
助手,われわれの群れとしての強さを見せるのです。
アミメキリン,容疑者！
アライグマ,捕まえたのだ！
コツメカワウソ,わーい！ でっかいぞー！
カバ,サーバルは耳が甘いのよ。
プリンセス,友達を守るのも。
PPP,アイドルの仕事！
ジャガー,かばん！ 生きてる？
タイリクオオカミ,現実のほうがホラーだ、け、ど、も…。
ジャガー,うおりゃー！
タイリクオオカミ,うおりゃー！
フェネック,お〜〜。
スナネコ,満足…。
プレーリー,どうでありますか？
ビーバー,ばっちりっす。
ライオン,悪いねー、何往復も。
トキ,わたしのファン、よろしくね。
アリツカゲラ,うちのお客さんでもありますからー。
ヘラジカ,うん！
ヘラジカ,助けに来たぞ、かばん！
ライオン,うちの子にー、手ぇ出してんじゃねえぞ。
ギンギツネ,今よ！
アルパカ,はいよー！
キタキツネ,了解。
アルパカ,うー、よいせ！ 
キタキツネ,うー、よいせ！ 
ギンギツネ,うー、よいせ！ 
ギンギツネ,ほんとに岩になったわ。
アルパカ,すごい〜〜！
キタキツネ,すごい…。
ツチノコ,あれは溶岩と言ってだな。 …じゃない、さっさと次、汲みにいくぞー！
ヒグマ,うおー！
ヒグマ,でりゃあ〜〜！ 
アルパカ,やったあー！
ビーバー,どうっすか…？
ギンギツネ,こ、これは…。
ライオン,まずい！
カバ,攻撃させないで！
サーバル,今だよ！ 
コツメカワウソ,逃げろー！
アルパカ,わあ、おひょひょひょひょひょ、おしょしょしょしょしょ。
プレーリー,ほっ、ほっ！
ジャガー,船の方に行ったぞ！
サーバル,かばんちゃん、かばんちゃん！
ヒグマ,ダメか…。
助手,自然に還り始めているのです。
サーバル,かばんちゃん、やだよかばんちゃん。 もっと、だって、まだ…。 
博士,サーバル、放すのです。 元の姿に戻るのです。
サーバル,ああ、ああ、うう…。
かばん,あれ、サーバルちゃん…？
サーバル,あっ…か、かばんちゃんだよね。 わかる？ 一番最初に会った時にしたお話憶えてる？
かばん,うう…あぁ、「食べないでください」…。
サーバル,ううっ、食べないよ！ 
ヒグマ,なんで。 セルリアンに食われたら、動物に戻るんじゃ？
博士,いや、確かに戻ったのです。 この形が、ヒトなのです。
助手,動物がヒトの特性を得たのがフレンズ。 なら、ヒトのフレンズが動物に戻っても…ということですか？
博士,本当に、不思議な動物なのです。
かばん,それよりも、セルリアンは。
サーバル,ボス！
かばん,ラッキーさん！
ラッキービースト,か…。
ラッキービースト,さ…。
キンシコウ,石が海水に浸されると、同一個体はまとめて固まるのですね。
ツチノコ,各地の溶岩は、前回の名残か。 しかし…。
ジャガー,ボス？ ボースー？
ライオン,おーい！
リカオン,やはり、ボスも海に…。
サーバル,やだよ、せっかくお話できたのに、そんな。
かばん,ラッキーさーん、返事してくださーい！
リカオン,ボス…！ サーバル、かばん、ボスだよ。
サーバル,あ…。
かばん,あ…。
ラッキービースト,はじめまして。 ぼくは、ラッキービーストだよ。 よろしくね。
ラッキービースト,きみの名前を教えて。
サーバル,やっぱり、このボスも違う…。
かばん,ラッキーさん…。
かばん,あっ？ 
サーバル,ボス、わたし達のために。
かばん,ラッキーさん。 ラッキーさん…。
ラッキービースト,おはよう、かばん。
サーバル,うぅわ〜〜！ 喋った〜〜！？
サーバル,ううっ！ 
かばん,わああ、今のラッキーさんだよ。 拾わなきゃ！
サーバル,えええー！？
助手,そこで強火です。 料理は火力なのです。
ヒグマ,ええっ。 火を強くするって、どうやるんだ？
博士,ふーふーするのですよ。
ヒグマ,ちょ、ちょっと待ってくれ！
アルパカ,お茶もあるよー、はいどうぞ、はいどうぞ。 えへっ。
トキ,仲ー間と歌うー♪ 仲ー間と踊るー♪
PPP,踊るー♪
マーゲイ,やはり内陸部で実現するコラボには、夢がありますねぇうふふ。
プレーリー,おおー！ あの穴まで登るであります。
コツメカワウソ,わーいわーい、とっとー。
ライオン,ふぇぁ〜〜。
キタキツネ,この寝床気に入った…。 だらだら…。
サーバル,わあー、もうすっかり始めちゃってるね。
かばん,すごいね、フレンズさんがいっぱい。
ラッキービースト,ここは遊園地だね。 いろんな乗り物があるよ。
ジャガー,おっ、主役が来たな。
カバ,みんな待ってますわよ。
プリンセス,あれから1ヶ月、遅くなったけど、無事セルリアンを倒せた＆かばん何の動物か分かっておめでとうの会をするわよ。
プリンセス,いただきますも兼ねて、まずご挨拶から。
プリンセス,いろいろおめでとう、大活躍だったじゃない。
かばん,えっと、いえ、みなさんのおかげです。 ありがとうございました。
プリンセス,一時はセルリアンに食べられてたけど。
かばん,あ、はい、ほとんど憶えていないんですが…。 おかげさまで、なんか、無事に。
プリンセス,そして道中、なんの動物かわかったんだって？
かばん,あっ、はい！ ぼく、ヒトでした。
トキ,無事わかったのね。 よかった。
ビーバー,よかったっすねえ。 これで安心っす…。
かばん,縄張りはまだ決まってないですが、これから探そうと思います。 これも全部みなさんのおかげで…。
プリンセス,あ〜〜！
博士,ヒトは話が長ったらしいのです。
助手,早く食わせろなのです。
サーバル,食べてるじゃないー！
サーバル,じゃ、いただきまーす！
全員,いただきまーす！
コツメカワウソ,あっははは、たーのしー。
プレーリー,お〜〜！ 待つでありまーす！
ヘラジカ,うおおー、強そうな腕だなー！ ちょっと勝負しないか？ 
ジャガー,えっ。 ええっ！？
タイリクオオカミ,迷宮入りかと思われたその時、ギロギロの目が…。
キタキツネ,わわわわ…。 ギロギロ…。
ビーバー,どうなるんすか…どうなっちゃうんすか…？
タイリクオオカミ,うっふふ。
ライオン,ジャパリまんに、料理をつけて食べたら、どうだろう？
カバ,あぁらー！ これまた美味しいわね。
アリツカゲラ,ロッジの朝ごはんに追加したいです。
アライグマ,というわけで、噴火の日に帽子を追いかけていたのだ。 そしたら…。
アライグマ,ふえっ！？
アライグマ,あっ、ふぇ〜〜！
かばん,はあ…。
ツチノコ,体毛からフレンズ化したパターンだな。
サーバル,え、ええっ。 どういうこと？
アミメキリン,あなた。 なんで隠れてるの？ 怪しいわね。
ツチノコ,落ち着くんだよぉ！
ギンギツネ,かばんの話を聞くに、ヒトが積極的に、セルリアン対策に動いていたみたい。
助手,なるほど。 それでヒトの近くにセルリアンが。
博士,むしろセルリアンの近くにヒトが、ということですね。
キンシコウ,パークを守ろうとしたその気持ち、わかる気がします。
リカオン,ボスは大丈夫だったんですか？
サーバル,うん、なんだかすごくちっちゃくなったけど、平気みたい。 でもあいかわらず、わたしとは喋ってくれないんだよー。
スナネコ,本当にサーバルに喋ったのですかー？
サーバル,ほんとだよー。 ヒトに危害、がどうのしたら、喋っていいとかって。
かばん,…。
かばん,あっ。 サーバルちゃん、ぼくに、食べちゃうぞー、って言ってみて。
サーバル,ええっ。 なんで、食べないよ？
かばん,ちょっと思い付いたんだ。
サーバル,じゃあ…。
サーバル,うー、がおー！ 食べちゃうぞー！
かばん,「食べないでくださーい」。
ラッキービースト,サーバル。 食べちゃダメだよ。
ヒグマ,サーバルに喋った！
アミメキリン,サーバルに喋った！
スナネコ,サーバルに喋った！
かばん,こうすればお話できるんじゃない？
サーバル,やったー！
サーバル,いろいろあったけど、もうすっかりパークで暮らせてるよね。
かばん,サーバルちゃん達のおかげだよ。 ごめんね、結局さばんなちほーに戻らず、港で一緒にいてくれて。
サーバル,大丈夫大丈夫。 後片付け楽しかったし。 でもすごいよね、溶岩。 あれが動いてた時はどうなるかと思った。
かばん,船があってよかったよ。 あれがなかったら、どうなってたか。
サーバル,船…。
サーバル,やっぱり外で、ヒトに会ってみたかった？
かばん,どんな動物なのか知りたい、って気持ちはあるけど、こうしてお友達もたくさんできたし、外は、うん、いつかでいいかな。
サーバル,……。
サーバル,あっ、あれに乗ってみよう。
かばん,えっ、どうしたの？ サーバルちゃん。
サーバル,いいからいいから。
かばん,なんか、サーバルちゃん変だよ。 大丈夫？
かばん,サ、サ、サーバルちゃん！ これ大丈夫…？
サーバル,平気平気、博士が前に調整したんだって。 これもアトラクション？ らしいよ。
かばん,うわぁあーあ…。
タイリクオオカミ,なんか落ちてきたぞ！
サーバル,うわー、パークが遠くまで見えるね。
かばん,う、うん。 怖いけど、きれいだね。
サーバル,あっ。
かばん,ミライさん。
ミライ,ふうっ。 最後に1回は乗っておかなくちゃね。 結局、パークの職員は島を出ることになりました。 短い間でしたけど、わたしはこの島で出会えたたくさんの奇跡に、感謝しています。 きっとまた…。 ラッキー、留守をよろしくね。
ラッキービースト,任せて。
ミライ,ごめんね、すぐ戻るから。
ミライ,あっ。
サーバル(祖),ミライさーん！
かばん,外…。
かばん,うん？
アライグマ,ふーん。
フェネック,かばんさーん。
アライグマ,渡したいものがあるのだ。
かばん,渡したいもの？
かばん,これは…。
サーバル,ふーん。
フレンズ達,プレゼント！
フェネック,だよー。
アライグマ,なのだ！
かばん,ああっ、バス！ 直したんですか？
サーバル,えへへっ。
かばん,サーバルちゃん知ってたの？
サーバル,みんなで直したんだよ。 博士達にも手伝ってもらって、ここはビーバーとプレーリー。 ここはギンギツネ、それからね…。
かばん,もしかして、最近たまにいなくなってたのって…。
かばん,えっ？
かばん,わ〜〜？
かばん,えっ、なんで…？
かばん,わああ…。
かばん,ん？ ああ…！
サーバル,えへへっ。
サーバル,気を付けてね。 おなかすいたら、ジャパリまんたくさん食べてね。
かばん,本当にありがとう。 みなさんがいなかったら、ぼく…。
ヒグマ,こっちこそ、パークの危機まで、救ってもらったよ。
アリツカゲラ,おかげさまでぐっすり。 かばんさんもちゃんと寝てくださいね。
ギンギツネ,かばんといると、新発見がたくさんあったわ。
キタキツネ,うん、うん。
マーゲイ,かばんさんのおかげで、わたし、あこがれの、仕事に…。 う、ううっ…。
博士,お前なら、なんだかんだ大丈夫ですよ。
助手,なのです。
ライオン,気楽にやりゃーいいよー。
ヘラジカ,うん。 そのまま真っすぐいけ。
トキ,ほんとにひとりで大丈夫？
アルパカ,はぁい…。
かばん,うん、島がどんなところか、ほんとにあるかもわからないから、ぼくの都合で連れていけないよ。
かばん,でもきっと、おいしいものとか、楽しいこと、持って帰ってくるね。
ビーバー,心配っすよ…。
プレーリー,ううっ…。
カバ,本当に辛い時は、誰かを頼ったっていいのよ。
サーバル,えっ？
かばん,みゃ、みゃ、みゃ、みゃ。 みゃみゃみゃみゃみゃみゃみゃー！ 
かばん,見てー、みんなー！
フレンズ達,おおー。 
かばん,ごはんの探し方も教えてもらったし、安全な眠り方も聞いたし、木登りだってできるようになったから、だから大丈夫。
サーバル,……。
かばん,じゃあ、行ってくるね。
かばん,よっ…。 
かばん,うん？ えっと…。
ラッキービースト,バスの時と、ほとんど変わらないよ。
ラッキービースト,じゃあ。
ラッキービースト,いこうか。 
かばん,うん！
ジャガー,おーい！ 平気かー？
ツチノコ,だいじょぶそうかー？
かばん,あはは…。
かばん,ラッキーさん、島が見えてきたよ。 あの島にも名前ってあるのかなあ。
ラッキービースト,ごこくえりあだね。 管轄が違うから、ぼくも詳しく知らないけども、きょうしゅうと同じように、いくつもちほーがあったり、今もフレンズがいる可能性があるね。
かばん,わぁ…。
原作,けものフレンズプロジェクト
コンセプトデザイン,吉崎観音
企画,廣部琢之、加藤英治、山田昇、柳田一哉、ビンセント・ショーティノ、柴野達夫、池本浩史、梶井斉、寺井禎浩、濱田直樹、長畑克也、武智恒雄
特別協力,竹林昇、宮原亜希子
シリーズ構成・脚本,田辺茂範
作画監督,伊佐佳久
美術監督,白水優子
撮影監督,石山智之
音響監督,阿部信行
音楽プロデューサー,内田峻
音楽制作,ビクターエンタテインメント
音楽協力,テレビ東京ミュージック、河口湖オルゴールの森
音楽,立山秋航
アニメーション プロデューサー,福原慶匡
アニメーション制作,ヤオヨロズ
プロデューサー,細谷伸之、岡本泰幸、清水美佳、福田聡、秋尾浩史、石垣吉彦、工藤大丈、塩田友、和泉勇一、福田順
作画,原田優、加藤望、千里紗月、若葉恵、森山文子
美術,白水優子、鈴木凛、後藤律里、田中璃奈
撮影,石山智之
衣装デザイン協力,雪
編集,ヤオヨロズ
ビデオ編集,尾形茂信
編集助手,小林准
編集スタジオ,ビデオテック、海老沢かおる
音響効果,風間結花
録音調整,佐藤敦
録音助手,竹内俊平
録音スタジオ,スタジオインスパイア
音響制作,青二プロダクション
音響制作担当,池田克明、池沢勝斗
オープニングテーマ,「ようこそジャパリパークへ」どうぶつビスケッツ×PPP、作詞・作編曲: 大石昌良
エンディングテーマ,「ぼくのフレンド」みゆはん、作詞・作曲: みゆはん、編曲: R_Men_Soul
挿入楽曲,「二人でお茶を」、作曲: ヴィンセント・ユーマンス
エンディング制作,ヤオヨロズ
番組宣伝,大城博章、志村麻奈貴、飯塚彩、矢崎潤、津末達也
宣伝協力,少年エース
イラスト協力,吉崎観音
スペシャルサンクス,アプリ「けものフレンズ」スタッフの皆様、「けものフレンズ─ようこそジャパリパークへ！ ─」著者: フライ
プランニングマネージャー,石本順也
タイトルロゴデザイン,米田龍平
制作進行,影近直樹
コンテ・演出・監督,たつき
製作,けものフレンズプロジェクトA
ラッキービースト,ででで、電池…。 バスの電池が…。
かばん,ここで！？
サーバル,あっ、ヤバいよ。 こっちも止まらなきゃ。 ストップ！ ストーップ！
かばん,いっ、うわわ…。
かばん,ああっ、サーバルちゃん！ みんなー！
サーバル,えへへへへ。
サーバル,やっぱり、もうちょっと付いていこうかなって。
かばん,もお〜〜。
マイルカ,なになに？ どこいくのー？
かばん,ああっ。 あなたは、なんのフレンズさんですか？
サーバル,お友達になろうよ！
博士,ではお前達、これを見つけてくるのです。
助手,曲がってないやつを見つけてくるのですよ。
アライグマ,このまま付けるんじゃダメなのか？
フェネック,とりあえず、船にはできるって聞いたよ。
博士,陸地を走る時に必要なのです。 頭を使うのです。
助手,頭を使うのです。 ちゃんと食べてるのですか？
アライグマ,ぐぬぬー。 アライさんはその辺ばっちりなのだ。
フェネック,かばんさんのためならどんとこいだけどさー、それって、どこにあるのー？
博士,似たようなバスは、いくつか島で目撃されているのです。 まずはそれを探すのです。
助手,探すのです。 ちゃんとこれが、まんまるかどうか、よく見るのですよ。
アライグマ,任せるのだ。 ぴっかぴかのを見つけてくるのだ。
フェネック,あー、でもアライさーん、ここんとこ歩きすぎたよ。 サンドスターがもう…。
博士,しょうがないですね。 遊園地にバス的なものがあるのです。
助手,バス的なものを貸してやるのです。 とっとといくのです。
アライグマ,なにー？ アライさんもバスに乗れるのかー？
フェネック,おー、よかったねーアライさーん。
アライグマ,おー！
フェネック,すごいねー。
博士,お前らにはそうですね、これぐらいがいいのです。
助手,これくらいなら足が届くのです。 お前らは小さいので。
フェネック,博士助手と似たようなもんだよー。
アライグマ,おおおー！
アライグマ,わっせ、わっせ、わっせ、わっせ、わっせ、わっせ。
フェネック,わっせ、わっせ、わっせ、わっせ、わっせ、わっせ。
アライグマ,しゅっぱーつ、なのだー！
フェネック,はーいよっと。
アライグマ,わっせ、わっせ、わっせ、わっせ、わっせ、わっせ、わっせ、わっせ、わっせ、わっせ、わっせ、わっせ、わっせ、わっせ…。
フェネック,わっせ、わっせ、わっせ、わっせ、わっせ、わっせ、わっせ、わっせ、わっせ、わっせ、わっせ、わっせ、わっせ、わっせ…。
助手,歩くのとそんなに変わらないのです。 あれは船出に間に合いますか？ 博士。
博士,まあなんだかんだ、あの根性を信用してるのです。 大丈夫ですよ、助手。
助手,これで概ね片付きましたね。 まったく、長も楽じゃないのです。
博士,これで長らしく、果報を食べて待てるのです。 まったく。
助手,きょうもかばんにご馳走になりますか？ 博士。
博士,そうですね、ちょっと料理を引っ掛けて帰りますか、助手。
